locatie_id,watersysteemid,locatie_naam,locatie_code,locatie_omschrijving,rw_identificatie,PARAMETER_WAT_OMSCHRIJVING,TIJDSTIP_LAATSTE_METING,geometry
locatiesmetlaatstewaarneming.fid-25e367c2_19f8584639c_-5c06,Afgesloten IJ,"Amsterdam, Surinamekade",amsterdam.surinamekade,"Amsterdam, Surinamekade",Afgesloten IJ,Waterhoogte in Oppervlaktewater t.o.v. Normaal Amsterdams Peil in cm,2026-07-21T18:20:00Z,"c(4.949568, 52.37726)"
locatiesmetlaatstewaarneming.fid-25e367c2_19f8584639c_-5b99,Afgesloten IJ,"Amsterdam, Surinamekade",amsterdam.surinamekade,"Amsterdam, Surinamekade",Afgesloten IJ,Waterhoogte in Oppervlaktewater t.o.v. Normaal Amsterdams Peil in cm,2025-11-27T00:50:00Z,"c(4.949568, 52.37726)"
locatiesmetlaatstewaarneming.fid-25e367c2_19f8584639c_-5d1c,Amsterdam-Rijnkanaal,"Wijk bij Duurstede, Amsterdam-Rijnkanaal",wijkbijduurstede.amsterdamrijnkanaal,"Wijk bij Duurstede, Amsterdam-Rijnkanaal",Amsterdam-Rijnkanaal,Waterhoogte in Oppervlaktewater t.o.v. Normaal Amsterdams Peil in cm,2026-07-21T18:20:00Z,"c(5.293258, 51.97479)"
locatiesmetlaatstewaarneming.fid-25e367c2_19f8584639c_-5d0b,Amsterdam-Rijnkanaal,"Tiel Sluis, kanaal",tiel.sluis.kanaal,"Tiel Sluis, kanaal",Amsterdam-Rijnkanaal,Waterhoogte in Oppervlaktewater t.o.v. Normaal Amsterdams Peil in cm,2026-02-28T05:50:00Z,"c(5.452592, 51.904386)"
locatiesmetlaatstewaarneming.fid-25e367c2_19f8584639c_-5c74,Amsterdam-Rijnkanaal,"Maarssen, kanaal",maarssen.kanaal,"Maarssen, kanaal",Amsterdam-Rijnkanaal,Waterhoogte in Oppervlaktewater t.o.v. Normaal Amsterdams Peil in cm,2026-07-21T18:20:00Z,"c(5.039151, 52.133807)"
locatiesmetlaatstewaarneming.fid-25e367c2_19f8584639c_-5c71,Amsterdam-Rijnkanaal,Maurik Mauriksewetering,maurik.mauriksewetering,Maurik Mauriksewetering,Amsterdam-Rijnkanaal,Waterhoogte in Oppervlaktewater t.o.v. Normaal Amsterdams Peil in cm,2026-07-21T18:00:00Z,"c(5.38961, 51.94173)"
locatiesmetlaatstewaarneming.fid-25e367c2_19f8584639c_-5c5b,Amsterdam-Rijnkanaal,Rijswijk Drielandenpunt,rijswijk.drielandenpunt,Rijswijk Drielandenpunt,Amsterdam-Rijnkanaal,Waterhoogte in Oppervlaktewater t.o.v. Normaal Amsterdams Peil in cm,2026-07-21T18:10:00Z,"c(5.35958, 51.95187)"
locatiesmetlaatstewaarneming.fid-25e367c2_19f8584639c_-5c39,Amsterdam-Rijnkanaal,"Weesp, Amsterdam-Rijnkanaal",weesp.amsterdamrijnkanaal,"Weesp, Amsterdam-Rijnkanaal",Amsterdam-Rijnkanaal,Waterhoogte in Oppervlaktewater t.o.v. Normaal Amsterdams Peil in cm,2026-07-21T18:20:00Z,"c(5.018799, 52.316829)"
locatiesmetlaatstewaarneming.fid-25e367c2_19f8584639c_-5c14,Amsterdam-Rijnkanaal,Zoelen Beuningengemaal,zoelen.beuningengemaal,Zoelen Beuningengemaal,Amsterdam-Rijnkanaal,Waterhoogte in Oppervlaktewater t.o.v. Normaal Amsterdams Peil in cm,2026-07-21T17:20:00Z,"c(5.43391, 51.92096)"
locatiesmetlaatstewaarneming.fid-25e367c2_19f8584639c_-5b9e,Amsterdam-Rijnkanaal,"Wijk bij Duurstede, Amsterdam-Rijnkanaal",wijkbijduurstede.amsterdamrijnkanaal,"Wijk bij Duurstede, Amsterdam-Rijnkanaal",Amsterdam-Rijnkanaal,Waterhoogte in Oppervlaktewater t.o.v. Normaal Amsterdams Peil in cm,2025-11-27T00:50:00Z,"c(5.293258, 51.97479)"
locatiesmetlaatstewaarneming.fid-25e367c2_19f8584639c_-5b9b,Amsterdam-Rijnkanaal,"Maarssen, kanaal",maarssen.kanaal,"Maarssen, kanaal",Amsterdam-Rijnkanaal,Waterhoogte in Oppervlaktewater t.o.v. Normaal Amsterdams Peil in cm,2025-11-27T00:50:00Z,"c(5.039151, 52.133807)"
locatiesmetlaatstewaarneming.fid-25e367c2_19f8584639c_-5b98,Amsterdam-Rijnkanaal,"Weesp, Amsterdam-Rijnkanaal",weesp.amsterdamrijnkanaal,"Weesp, Amsterdam-Rijnkanaal",Amsterdam-Rijnkanaal,Waterhoogte in Oppervlaktewater t.o.v. Normaal Amsterdams Peil in cm,2025-11-27T00:50:00Z,"c(5.018799, 52.316829)"
locatiesmetlaatstewaarneming.fid-25e367c2_19f8584639c_-5b95,Amsterdam-Rijnkanaal,"Tiel Sluis, kanaal",tiel.sluis.kanaal,"Tiel Sluis, kanaal",Amsterdam-Rijnkanaal,Waterhoogte in Oppervlaktewater t.o.v. Normaal Amsterdams Peil in cm,2025-11-27T00:50:00Z,"c(5.452592, 51.904386)"
locatiesmetlaatstewaarneming.fid-25e367c2_19f8584639c_-5a6a,Amsterdam-Rijnkanaal,"Rijswijk, Betuwepand",rijswijk.betuwepand,"Rijswijk, Betuwepand",Amsterdam-Rijnkanaal,Waterhoogte in Oppervlaktewater t.o.v. Normaal Amsterdams Peil in cm,2026-07-21T18:20:00Z,"c(5.361295, 51.952417)"
locatiesmetlaatstewaarneming.fid-25e367c2_19f8584639c_-5d0d,Bathse Spuikanaal,"Rilland, Bathsebrug",rilland.bathsebrug,voorheen Kreekrakbrug spuikanaal,Bathse Spuikanaal,Waterhoogte in Oppervlaktewater t.o.v. Normaal Amsterdams Peil in cm,2026-07-21T18:20:00Z,"c(4.231181, 51.42503)"
locatiesmetlaatstewaarneming.fid-25e367c2_19f8584639c_-5cc8,Bathse Spuikanaal,Rilland Bathse spuisluis binnen,rilland.bathsespuisluis.binnen,Rilland Bathse spuisluis binnen,Bathse Spuikanaal,Waterhoogte in Oppervlaktewater t.o.v. Normaal Amsterdams Peil in cm,2026-07-21T18:20:00Z,"c(4.235008, 51.393198)"
locatiesmetlaatstewaarneming.fid-25e367c2_19f8584639c_-5ace,Bathse Spuikanaal,"Rilland, Bathsebrug",rilland.bathsebrug,voorheen Kreekrakbrug spuikanaal,Bathse Spuikanaal,Waterhoogte in Oppervlaktewater t.o.v. Normaal Amsterdams Peil in cm,2026-04-01T00:50:00Z,"c(4.231181, 51.42503)"
locatiesmetlaatstewaarneming.fid-25e367c2_19f8584639c_-5c80,Beneden Merwede,"Dordrecht Oude Maas, Beneden Merwede",dordrecht.oudemaas.benedenmerwede,"Dordrecht Oude Maas, Beneden Merwede",Beneden Merwede,Waterhoogte in Oppervlaktewater t.o.v. Normaal Amsterdams Peil in cm,2026-07-21T18:20:00Z,"c(4.671, 51.82)"
locatiesmetlaatstewaarneming.fid-25e367c2_19f8584639c_-5ba8,Beneden Merwede,"Dordrecht Oude Maas, Beneden Merwede",dordrecht.oudemaas.benedenmerwede,"Dordrecht Oude Maas, Beneden Merwede",Beneden Merwede,Waterhoogte in Oppervlaktewater t.o.v. Normaal Amsterdams Peil in cm,2025-11-27T00:50:00Z,"c(4.671, 51.82)"
locatiesmetlaatstewaarneming.fid-25e367c2_19f8584639c_-5b4f,Beneden Merwede,"Dordrecht Oude Maas, Beneden Merwede",dordrecht.oudemaas.benedenmerwede,"Dordrecht Oude Maas, Beneden Merwede",Beneden Merwede,Waterhoogte in Oppervlaktewater t.o.v. Normaal Amsterdams Peil in cm,2025-01-01T02:00:00Z,"c(4.671, 51.82)"
locatiesmetlaatstewaarneming.fid-25e367c2_19f8584639c_-5b4d,Beneden Merwede,"Dordrecht Oude Maas, Beneden Merwede",dordrecht.oudemaas.benedenmerwede,"Dordrecht Oude Maas, Beneden Merwede",Beneden Merwede,Waterhoogte in Oppervlaktewater t.o.v. Normaal Amsterdams Peil in cm,2025-10-01T10:45:00Z,"c(4.671, 51.82)"
locatiesmetlaatstewaarneming.fid-25e367c2_19f8584639c_-5cb9,Bergsche Maas,Heesbeen,heesbeen,Heesbeen,Bergsche Maas,Waterhoogte in Oppervlaktewater t.o.v. Normaal Amsterdams Peil in cm,2026-07-21T18:20:00Z,"c(5.124738, 51.735848)"
locatiesmetlaatstewaarneming.fid-25e367c2_19f8584639c_-5c2c,Bergsche Maas,Keizersveer,hank.bergschemaas,"km 247,60",Bergsche Maas,Waterhoogte in Oppervlaktewater t.o.v. Normaal Amsterdams Peil in cm,2026-07-21T18:20:00Z,"c(4.894, 51.7191)"
locatiesmetlaatstewaarneming.fid-25e367c2_19f8584639c_-5bad,Bergsche Maas,Heesbeen,heesbeen,Heesbeen,Bergsche Maas,Waterhoogte in Oppervlaktewater t.o.v. Normaal Amsterdams Peil in cm,2025-11-27T00:50:00Z,"c(5.124738, 51.735848)"
locatiesmetlaatstewaarneming.fid-25e367c2_19f8584639c_-5bac,Bergsche Maas,Keizersveer,hank.bergschemaas,"km 247,60",Bergsche Maas,Waterhoogte in Oppervlaktewater t.o.v. Normaal Amsterdams Peil in cm,2025-11-27T00:50:00Z,"c(4.894, 51.7191)"
locatiesmetlaatstewaarneming.fid-25e367c2_19f8584639c_-5cfc,Boven-Rijn,"Lobith, Bovenrijn, Tolkamer",lobith.bovenrijn.tolkamer,"Lobith, Bovenrijn, Tolkamer",Boven-Rijn,Waterhoogte in Oppervlaktewater t.o.v. Normaal Amsterdams Peil in cm,2026-07-21T18:20:00Z,"c(6.1024, 51.8495)"
locatiesmetlaatstewaarneming.fid-25e367c2_19f8584639c_-5b49,Boven-Rijn,"Lobith, Bovenrijn, Tolkamer",lobith.bovenrijn.tolkamer,"Lobith, Bovenrijn, Tolkamer",Boven-Rijn,Waterhoogte in Oppervlaktewater t.o.v. Normaal Amsterdams Peil in cm,2025-11-27T00:50:00Z,"c(6.1024, 51.8495)"
locatiesmetlaatstewaarneming.fid-25e367c2_19f8584639c_-5d05,Brabantse Biesbosch,"Werkendam, Middelste Kievitswaard",werkendam.middelstekievitswaard,"Werkendam, Middelste Kievitswaard",Brabantse Biesbosch,Waterhoogte in Oppervlaktewater t.o.v. Normaal Amsterdams Peil in cm,2026-07-21T18:10:00Z,"c(4.807028, 51.784694)"
locatiesmetlaatstewaarneming.fid-25e367c2_19f8584639c_-5cef,Brabantse Biesbosch,"Werkendam, Binnen Kievitswaard",werkendam.binnenkievitswaard,"Werkendam, Binnen Kievitswaard",Brabantse Biesbosch,Waterhoogte in Oppervlaktewater t.o.v. Normaal Amsterdams Peil in cm,2026-07-21T18:10:00Z,"c(4.830278, 51.792222)"
locatiesmetlaatstewaarneming.fid-25e367c2_19f8584639c_-5ce0,Brabantse Biesbosch,"Werkendam, Kleine Zalm",werkendam.kleinezalm,"Werkendam, Kleine Zalm",Brabantse Biesbosch,Waterhoogte in Oppervlaktewater t.o.v. Normaal Amsterdams Peil in cm,2026-07-21T18:10:00Z,"c(4.821139, 51.761722)"
locatiesmetlaatstewaarneming.fid-25e367c2_19f8584639c_-5cde,Brabantse Biesbosch,"Werkendam, Vogelenzang",werkendam.vogelenzang,"Werkendam, Vogelenzang",Brabantse Biesbosch,Waterhoogte in Oppervlaktewater t.o.v. Normaal Amsterdams Peil in cm,2026-07-21T18:00:00Z,"c(4.836139, 51.769167)"
locatiesmetlaatstewaarneming.fid-25e367c2_19f8584639c_-5c99,Brabantse Biesbosch,"Werkendam, Nieuwe Merwede",werkendam.nieuwemerwede,buiten,Brabantse Biesbosch,Waterhoogte in Oppervlaktewater t.o.v. Normaal Amsterdams Peil in cm,2026-07-21T18:20:00Z,"c(4.876824, 51.806041)"
locatiesmetlaatstewaarneming.fid-25e367c2_19f8584639c_-5c86,Brabantse Biesbosch,"Werkendam, Happen Hennip",werkendam.happenhennip,"Werkendam, Happen Hennip",Brabantse Biesbosch,Waterhoogte in Oppervlaktewater t.o.v. Normaal Amsterdams Peil in cm,2026-07-21T18:00:00Z,"c(4.795944, 51.780722)"
locatiesmetlaatstewaarneming.fid-25e367c2_19f8584639c_-5c79,Brabantse Biesbosch,"Werkendam, Steenenmuur",werkendam.steenenmuur,"Werkendam, Steenenmuur",Brabantse Biesbosch,Waterhoogte in Oppervlaktewater t.o.v. Normaal Amsterdams Peil in cm,2026-07-21T18:00:00Z,"c(4.839778, 51.765278)"
locatiesmetlaatstewaarneming.fid-25e367c2_19f8584639c_-5bfb,Brabantse Biesbosch,"Werkendam, Kooike",werkendam.kooike,"Werkendam, Kooike",Brabantse Biesbosch,Waterhoogte in Oppervlaktewater t.o.v. Normaal Amsterdams Peil in cm,2026-07-21T18:00:00Z,"c(4.862972, 51.783139)"
locatiesmetlaatstewaarneming.fid-25e367c2_19f8584639c_-5bb0,Brabantse Biesbosch,"Werkendam, Nieuwe Merwede",werkendam.nieuwemerwede,buiten,Brabantse Biesbosch,Waterhoogte in Oppervlaktewater t.o.v. Normaal Amsterdams Peil in cm,2025-11-27T00:50:00Z,"c(4.876824, 51.806041)"
locatiesmetlaatstewaarneming.fid-25e367c2_19f8584639c_-592c,Brabantse Biesbosch,"Werkendam, Middelste Kievitswaard",werkendam.middelstekievitswaard,"Werkendam, Middelste Kievitswaard",Brabantse Biesbosch,Waterhoogte in Oppervlaktewater t.o.v. plaatselijk referentievlak in cm,2025-11-27T00:40:00Z,"c(4.807028, 51.784694)"
locatiesmetlaatstewaarneming.fid-25e367c2_19f8584639c_-592b,Brabantse Biesbosch,"Werkendam, Kooike",werkendam.kooike,"Werkendam, Kooike",Brabantse Biesbosch,Waterhoogte in Oppervlaktewater t.o.v. plaatselijk referentievlak in cm,2025-11-27T00:40:00Z,"c(4.862972, 51.783139)"
locatiesmetlaatstewaarneming.fid-25e367c2_19f8584639c_-5929,Brabantse Biesbosch,"Werkendam, Steenenmuur",werkendam.steenenmuur,"Werkendam, Steenenmuur",Brabantse Biesbosch,Waterhoogte in Oppervlaktewater t.o.v. plaatselijk referentievlak in cm,2025-11-27T00:40:00Z,"c(4.839778, 51.765278)"
locatiesmetlaatstewaarneming.fid-25e367c2_19f8584639c_-5928,Brabantse Biesbosch,"Werkendam, Vogelenzang",werkendam.vogelenzang,"Werkendam, Vogelenzang",Brabantse Biesbosch,Waterhoogte in Oppervlaktewater t.o.v. plaatselijk referentievlak in cm,2025-11-27T00:40:00Z,"c(4.836139, 51.769167)"
locatiesmetlaatstewaarneming.fid-25e367c2_19f8584639c_-5927,Brabantse Biesbosch,"Werkendam, Happen Hennip",werkendam.happenhennip,"Werkendam, Happen Hennip",Brabantse Biesbosch,Waterhoogte in Oppervlaktewater t.o.v. plaatselijk referentievlak in cm,2025-11-27T00:40:00Z,"c(4.795944, 51.780722)"
locatiesmetlaatstewaarneming.fid-25e367c2_19f8584639c_-5926,Brabantse Biesbosch,"Werkendam, Kleine Zalm",werkendam.kleinezalm,"Werkendam, Kleine Zalm",Brabantse Biesbosch,Waterhoogte in Oppervlaktewater t.o.v. plaatselijk referentievlak in cm,2025-11-27T00:40:00Z,"c(4.821139, 51.761722)"
locatiesmetlaatstewaarneming.fid-25e367c2_19f8584639c_-5924,Brabantse Biesbosch,"Werkendam, Binnen Kievitswaard",werkendam.binnenkievitswaard,"Werkendam, Binnen Kievitswaard",Brabantse Biesbosch,Waterhoogte in Oppervlaktewater t.o.v. plaatselijk referentievlak in cm,2025-11-27T00:40:00Z,"c(4.830278, 51.792222)"
locatiesmetlaatstewaarneming.fid-25e367c2_19f8584639c_-5d10,Haringvliet,"Stellendam, buitenhaven",stellendam.buitenhaven,"Stellendam, buitenhaven",Haringvliet,Waterhoogte in Oppervlaktewater t.o.v. Normaal Amsterdams Peil in cm,2026-07-21T18:20:00Z,"c(4.033445, 51.827028)"
locatiesmetlaatstewaarneming.fid-25e367c2_19f8584639c_-5c97,Haringvliet,Hellevoetsluis,hellevoetsluis,Hellevoetsluis,Haringvliet,Waterhoogte in Oppervlaktewater t.o.v. Normaal Amsterdams Peil in cm,2026-07-21T18:20:00Z,"c(4.128239, 51.819724)"
locatiesmetlaatstewaarneming.fid-25e367c2_19f8584639c_-5baa,Haringvliet,Hellevoetsluis,hellevoetsluis,Hellevoetsluis,Haringvliet,Waterhoogte in Oppervlaktewater t.o.v. Normaal Amsterdams Peil in cm,2025-11-27T00:50:00Z,"c(4.128239, 51.819724)"
locatiesmetlaatstewaarneming.fid-25e367c2_19f8584639c_-5ba6,Haringvliet,"Stellendam, buitenhaven",stellendam.buitenhaven,"Stellendam, buitenhaven",Haringvliet,Waterhoogte in Oppervlaktewater t.o.v. Normaal Amsterdams Peil in cm,2025-01-01T23:50:00Z,"c(4.033445, 51.827028)"
locatiesmetlaatstewaarneming.fid-25e367c2_19f8584639c_-5b76,Haringvliet,Hellevoetsluis,hellevoetsluis,Hellevoetsluis,Haringvliet,Waterhoogte in Oppervlaktewater t.o.v. Normaal Amsterdams Peil in cm,2025-01-01T01:25:00Z,"c(4.128239, 51.819724)"
locatiesmetlaatstewaarneming.fid-25e367c2_19f8584639c_-5b5d,Haringvliet,"Stellendam, buitenhaven",stellendam.buitenhaven,"Stellendam, buitenhaven",Haringvliet,Waterhoogte in Oppervlaktewater t.o.v. Normaal Amsterdams Peil in cm,2025-01-01T02:40:00Z,"c(4.033445, 51.827028)"
locatiesmetlaatstewaarneming.fid-25e367c2_19f8584639c_-5abe,Haringvliet,"Stellendam, buitenhaven",stellendam.buitenhaven,"Stellendam, buitenhaven",Haringvliet,Waterhoogte in Oppervlaktewater t.o.v. Normaal Amsterdams Peil in cm,2025-11-27T00:50:00Z,"c(4.033445, 51.827028)"
locatiesmetlaatstewaarneming.fid-25e367c2_19f8584639c_-5cd9,Buiten-IJ,"Amsterdam, Schellingwouderbrug",amsterdam.schellingwouderbrug,"Amsterdam, Schellingwouderbrug",Buiten-IJ,Waterhoogte in Oppervlaktewater t.o.v. Normaal Amsterdams Peil in cm,2026-07-21T18:20:00Z,"c(4.967545, 52.378673)"
locatiesmetlaatstewaarneming.fid-25e367c2_19f8584639c_-5ba7,Buiten-IJ,"Amsterdam, Schellingwouderbrug",amsterdam.schellingwouderbrug,"Amsterdam, Schellingwouderbrug",Buiten-IJ,Waterhoogte in Oppervlaktewater t.o.v. Normaal Amsterdams Peil in cm,2025-11-27T00:50:00Z,"c(4.967545, 52.378673)"
locatiesmetlaatstewaarneming.fid-25e367c2_19f8584639c_-5d22,Buitenhaven van IJmuiden,"IJmuiden, noordersluis, west",ijmuiden.noordersluis.west,"IJmuiden, noordersluis, west",Buitenhaven van IJmuiden,Waterhoogte in Oppervlaktewater t.o.v. Normaal Amsterdams Peil in cm,2026-07-21T18:20:00Z,"c(4.604, 52.4678)"
locatiesmetlaatstewaarneming.fid-25e367c2_19f8584639c_-5cb8,Buitenhaven van IJmuiden,"IJmuiden, buitenhaven",ijmuiden.buitenhaven,"IJmuiden, buitenhaven",Buitenhaven van IJmuiden,Waterhoogte in Oppervlaktewater t.o.v. Normaal Amsterdams Peil in cm,2026-07-21T18:20:00Z,"c(4.555, 52.463)"
locatiesmetlaatstewaarneming.fid-25e367c2_19f8584639c_-5b8b,Buitenhaven van IJmuiden,"IJmuiden, noordersluis, west",ijmuiden.noordersluis.west,"IJmuiden, noordersluis, west",Buitenhaven van IJmuiden,Waterhoogte in Oppervlaktewater t.o.v. Normaal Amsterdams Peil in cm,2025-11-27T00:50:00Z,"c(4.604, 52.4678)"
locatiesmetlaatstewaarneming.fid-25e367c2_19f8584639c_-5ade,Buitenhaven van IJmuiden,"IJmuiden, buitenhaven",ijmuiden.buitenhaven,"IJmuiden, buitenhaven",Buitenhaven van IJmuiden,Waterhoogte in Oppervlaktewater t.o.v. Normaal Amsterdams Peil in cm,2026-01-01T23:50:00Z,"c(4.555, 52.463)"
locatiesmetlaatstewaarneming.fid-25e367c2_19f8584639c_-5aa7,Buitenhaven van IJmuiden,"IJmuiden, buitenhaven",ijmuiden.buitenhaven,"IJmuiden, buitenhaven",Buitenhaven van IJmuiden,Waterhoogte in Oppervlaktewater t.o.v. Normaal Amsterdams Peil in cm,2025-10-01T10:28:00Z,"c(4.555, 52.463)"
locatiesmetlaatstewaarneming.fid-25e367c2_19f8584639c_-5c5d,Calandkanaal,"Rozenburgsesluis, noordzijde",rozenburgsesluis.noordzijde,"Rozenburgsesluis, noordzijde",Calandkanaal,Waterhoogte in Oppervlaktewater t.o.v. Normaal Amsterdams Peil in cm,2026-07-21T18:20:00Z,"c(4.228892, 51.895774)"
locatiesmetlaatstewaarneming.fid-25e367c2_19f8584639c_-5ba3,Calandkanaal,"Rozenburgsesluis, noordzijde",rozenburgsesluis.noordzijde,"Rozenburgsesluis, noordzijde",Calandkanaal,Waterhoogte in Oppervlaktewater t.o.v. Normaal Amsterdams Peil in cm,2025-11-27T00:50:00Z,"c(4.228892, 51.895774)"
locatiesmetlaatstewaarneming.fid-25e367c2_19f8584639c_-5c68,Bijlandsch Kanaal,"Lobith, Bovenrijn, haven",lobith.bovenrijn.haven,"Lobith, Bovenrijn, haven",Bijlandsch Kanaal,Waterhoogte in Oppervlaktewater t.o.v. Normaal Amsterdams Peil in cm,2026-07-21T18:20:00Z,"c(6.083651, 51.857505)"
locatiesmetlaatstewaarneming.fid-25e367c2_19f8584639c_-5bff,Bijlandsch Kanaal,Millingen a/d Rijn Pannerdense Kop,millingenaanderijn.pannerdensekop,Millingen a/d Rijn Pannerdense Kop,Bijlandsch Kanaal,Waterhoogte in Oppervlaktewater t.o.v. Normaal Amsterdams Peil in cm,2026-07-21T18:20:00Z,"c(6.0417, 51.872)"
locatiesmetlaatstewaarneming.fid-25e367c2_19f8584639c_-5b47,Bijlandsch Kanaal,Millingen a/d Rijn Pannerdense Kop,millingenaanderijn.pannerdensekop,Millingen a/d Rijn Pannerdense Kop,Bijlandsch Kanaal,Waterhoogte in Oppervlaktewater t.o.v. Normaal Amsterdams Peil in cm,2025-11-27T00:50:00Z,"c(6.0417, 51.872)"
locatiesmetlaatstewaarneming.fid-25e367c2_19f8584639c_-5b2e,Bijlandsch Kanaal,"Lobith, Bovenrijn, haven",lobith.bovenrijn.haven,"Lobith, Bovenrijn, haven",Bijlandsch Kanaal,Waterhoogte in Oppervlaktewater t.o.v. Normaal Amsterdams Peil in cm,2025-11-27T00:50:00Z,"c(6.083651, 51.857505)"
locatiesmetlaatstewaarneming.fid-25e367c2_19f8584639c_-5cf2,Lek,Schoonhoven,schoonhoven,Schoonhoven,Lek,Waterhoogte in Oppervlaktewater t.o.v. Normaal Amsterdams Peil in cm,2026-07-21T18:20:00Z,"c(4.85, 51.942)"
locatiesmetlaatstewaarneming.fid-25e367c2_19f8584639c_-5ccb,Lek,"Krimpen aan de Lek, Lek",krimpenaandelek.lek,"Krimpen aan de Lek, Lek",Lek,Waterhoogte in Oppervlaktewater t.o.v. Normaal Amsterdams Peil in cm,2026-07-21T18:20:00Z,"c(4.628906, 51.890722)"
locatiesmetlaatstewaarneming.fid-25e367c2_19f8584639c_-5c76,Lek,"Hagestein, beneden",hagestein.beneden,"Hagestein, beneden",Lek,Waterhoogte in Oppervlaktewater t.o.v. Normaal Amsterdams Peil in cm,2026-07-21T18:20:00Z,"c(5.1315, 51.993)"
locatiesmetlaatstewaarneming.fid-25e367c2_19f8584639c_-5c0c,Lek,"Hagestein, boven",hagestein.boven,"Hagestein, boven",Lek,Waterhoogte in Oppervlaktewater t.o.v. Normaal Amsterdams Peil in cm,2026-07-21T18:20:00Z,"c(5.1352, 51.9895)"
locatiesmetlaatstewaarneming.fid-25e367c2_19f8584639c_-5bfd,Lek,Culemborg,culemborg,brug,Lek,Waterhoogte in Oppervlaktewater t.o.v. Normaal Amsterdams Peil in cm,2026-07-21T18:20:00Z,"c(5.214, 51.961)"
locatiesmetlaatstewaarneming.fid-25e367c2_19f8584639c_-5bbb,Lek,"Hagestein, beneden",hagestein.beneden,"Hagestein, beneden",Lek,Waterhoogte in Oppervlaktewater t.o.v. Normaal Amsterdams Peil in cm,2025-11-27T00:50:00Z,"c(5.1315, 51.993)"
locatiesmetlaatstewaarneming.fid-25e367c2_19f8584639c_-5bb1,Lek,Schoonhoven,schoonhoven,Schoonhoven,Lek,Waterhoogte in Oppervlaktewater t.o.v. Normaal Amsterdams Peil in cm,2025-11-27T00:50:00Z,"c(4.85, 51.942)"
locatiesmetlaatstewaarneming.fid-25e367c2_19f8584639c_-5bae,Lek,"Krimpen aan de Lek, Lek",krimpenaandelek.lek,"Krimpen aan de Lek, Lek",Lek,Waterhoogte in Oppervlaktewater t.o.v. Normaal Amsterdams Peil in cm,2025-11-27T00:50:00Z,"c(4.628906, 51.890722)"
locatiesmetlaatstewaarneming.fid-25e367c2_19f8584639c_-5b69,Lek,Schoonhoven,schoonhoven,Schoonhoven,Lek,Waterhoogte in Oppervlaktewater t.o.v. Normaal Amsterdams Peil in cm,2025-01-01T02:47:00Z,"c(4.85, 51.942)"
locatiesmetlaatstewaarneming.fid-25e367c2_19f8584639c_-5b62,Lek,"Krimpen aan de Lek, Lek",krimpenaandelek.lek,"Krimpen aan de Lek, Lek",Lek,Waterhoogte in Oppervlaktewater t.o.v. Normaal Amsterdams Peil in cm,2025-01-01T01:46:00Z,"c(4.628906, 51.890722)"
locatiesmetlaatstewaarneming.fid-25e367c2_19f8584639c_-5b0a,Lek,Culemborg,culemborg,brug,Lek,Waterhoogte in Oppervlaktewater t.o.v. Normaal Amsterdams Peil in cm,2025-11-27T00:50:00Z,"c(5.214, 51.961)"
locatiesmetlaatstewaarneming.fid-25e367c2_19f8584639c_-5b02,Lek,"Hagestein, boven",hagestein.boven,"Hagestein, boven",Lek,Waterhoogte in Oppervlaktewater t.o.v. Normaal Amsterdams Peil in cm,2025-11-27T00:50:00Z,"c(5.1352, 51.9895)"
locatiesmetlaatstewaarneming.fid-25e367c2_19f8584639c_-5cdb,"Eems, Dollard",Huibertgat,huibertgat,Huibertgat,"Eems, Dollard",Waterhoogte in Oppervlaktewater t.o.v. Normaal Amsterdams Peil in cm,2026-07-21T18:20:00Z,"c(6.398433, 53.57375)"
locatiesmetlaatstewaarneming.fid-25e367c2_19f8584639c_-5bd0,"Eems, Dollard",Huibertgat,huibertgat,Huibertgat,"Eems, Dollard",Waterhoogte in Oppervlaktewater t.o.v. Normaal Amsterdams Peil in cm,2025-11-27T00:50:00Z,"c(6.398433, 53.57375)"
locatiesmetlaatstewaarneming.fid-25e367c2_19f8584639c_-5b6d,"Eems, Dollard","Eemshaven, Waddenzee",eemshaven.waddenzee,stroommeetpaal,"Eems, Dollard",Waterhoogte in Oppervlaktewater t.o.v. Normaal Amsterdams Peil in cm,2025-08-28T15:15:00Z,"c(6.821731, 53.474392)"
locatiesmetlaatstewaarneming.fid-25e367c2_19f8584639c_-5afd,"Eems, Dollard","Eemshaven, Waddenzee",eemshaven.waddenzee,stroommeetpaal,"Eems, Dollard",Waterhoogte in Oppervlaktewater t.o.v. Normaal Amsterdams Peil in cm,2025-11-27T00:50:00Z,"c(6.821731, 53.474392)"
locatiesmetlaatstewaarneming.fid-25e367c2_19f8584639c_-5ae2,"Eems, Dollard","Eemshaven, Waddenzee",eemshaven.waddenzee,stroommeetpaal,"Eems, Dollard",Waterhoogte in Oppervlaktewater t.o.v. Normaal Amsterdams Peil in cm,2025-11-27T00:50:00Z,"c(6.821731, 53.474392)"
locatiesmetlaatstewaarneming.fid-25e367c2_19f8584639c_-5adf,"Eems, Dollard","Eemshaven, Waddenzee",eemshaven.waddenzee,stroommeetpaal,"Eems, Dollard",Waterhoogte in Oppervlaktewater t.o.v. Normaal Amsterdams Peil in cm,2025-11-27T01:00:00Z,"c(6.821731, 53.474392)"
locatiesmetlaatstewaarneming.fid-25e367c2_19f8584639c_-5a9f,"Eems, Dollard",Huibertgat,huibertgat,Huibertgat,"Eems, Dollard",Waterhoogte in Oppervlaktewater t.o.v. Normaal Amsterdams Peil in cm,2025-10-01T10:25:00Z,"c(6.398433, 53.57375)"
locatiesmetlaatstewaarneming.fid-25e367c2_19f8584639c_-5a5b,"Eems, Dollard","Eemshaven, Waddenzee",eemshaven.waddenzee,stroommeetpaal,"Eems, Dollard",Waterhoogte in Oppervlaktewater t.o.v. Normaal Amsterdams Peil in cm,2026-07-21T18:20:00Z,"c(6.821731, 53.474392)"
locatiesmetlaatstewaarneming.fid-25e367c2_19f8584639c_-5cce,Eemskanaal,Slochtersluis,slochtersluis.boven,Slochtersluis,Eemskanaal,Waterhoogte in Oppervlaktewater t.o.v. Normaal Amsterdams Peil in cm,2026-07-21T18:00:00Z,"c(6.65056, 53.23631)"
locatiesmetlaatstewaarneming.fid-25e367c2_19f8584639c_-5c04,Eemskanaal,Delfzijl,delfzijl,Delfzijl,Eemskanaal,Waterhoogte in Oppervlaktewater t.o.v. Normaal Amsterdams Peil in cm,2026-07-21T18:20:00Z,"c(6.931, 53.328)"
locatiesmetlaatstewaarneming.fid-25e367c2_19f8584639c_-5bef,Eemskanaal,Delfzijl,delfzijl,Delfzijl,Eemskanaal,Waterhoogte in Oppervlaktewater t.o.v. Normaal Amsterdams Peil in cm,2026-01-01T23:50:00Z,"c(6.931, 53.328)"
locatiesmetlaatstewaarneming.fid-25e367c2_19f8584639c_-5b79,Eemskanaal,Delfzijl,delfzijl,Delfzijl,Eemskanaal,Waterhoogte in Oppervlaktewater t.o.v. Normaal Amsterdams Peil in cm,2025-01-01T00:38:00Z,"c(6.931, 53.328)"
locatiesmetlaatstewaarneming.fid-25e367c2_19f8584639c_-5a98,Eemskanaal,Delfzijl,delfzijl,Delfzijl,Eemskanaal,Waterhoogte in Oppervlaktewater t.o.v. Normaal Amsterdams Peil in cm,2025-10-01T11:49:00Z,"c(6.931, 53.328)"
locatiesmetlaatstewaarneming.fid-25e367c2_19f8584639c_-5d18,Lekkanaal,"Nieuwegein, lekkanaal",nieuwegein.lekkanaal,"Nieuwegein, lekkanaal",Lekkanaal,Waterhoogte in Oppervlaktewater t.o.v. Normaal Amsterdams Peil in cm,2026-07-21T18:20:00Z,"c(5.113007, 52.022729)"
locatiesmetlaatstewaarneming.fid-25e367c2_19f8584639c_-5b9c,Lekkanaal,"Nieuwegein, lekkanaal",nieuwegein.lekkanaal,"Nieuwegein, lekkanaal",Lekkanaal,Waterhoogte in Oppervlaktewater t.o.v. Normaal Amsterdams Peil in cm,2025-11-27T00:50:00Z,"c(5.113007, 52.022729)"
locatiesmetlaatstewaarneming.fid-25e367c2_19f8584639c_-5d1f,Maas,Elsloo,elsloo.maas,"km 29,325",Maas,Waterhoogte in Oppervlaktewater t.o.v. Normaal Amsterdams Peil in cm,2026-07-21T18:20:00Z,"c(5.755318, 50.957736)"
locatiesmetlaatstewaarneming.fid-25e367c2_19f8584639c_-5cfe,Maas,Buggenum Hanssumerweerd,buggenum,"km 85,77",Maas,Waterhoogte in Oppervlaktewater t.o.v. Normaal Amsterdams Peil in cm,2026-07-21T18:20:00Z,"c(5.99556, 51.22999)"
locatiesmetlaatstewaarneming.fid-25e367c2_19f8584639c_-5cf9,Maas,Venlo,venlo,"km 107,47",Maas,Waterhoogte in Oppervlaktewater t.o.v. Normaal Amsterdams Peil in cm,2026-07-21T18:20:00Z,"c(6.159406, 51.367387)"
locatiesmetlaatstewaarneming.fid-25e367c2_19f8584639c_-5cf3,Maas,Megen Dorp,megen.maas,"km 190,75",Maas,Waterhoogte in Oppervlaktewater t.o.v. Normaal Amsterdams Peil in cm,2026-07-21T18:20:00Z,"c(5.563091, 51.827827)"
locatiesmetlaatstewaarneming.fid-25e367c2_19f8584639c_-5ceb,Maas,"Sambeek, beneden",sambeek.beneden,"Sambeek, beneden",Maas,Waterhoogte in Oppervlaktewater t.o.v. Normaal Amsterdams Peil in cm,2026-07-21T18:20:00Z,"c(5.972, 51.6458)"
locatiesmetlaatstewaarneming.fid-25e367c2_19f8584639c_-5cea,Maas,"Belfeld, boven",belfeld.boven,"Belfeld, boven",Maas,Waterhoogte in Oppervlaktewater t.o.v. Normaal Amsterdams Peil in cm,2026-07-21T18:20:00Z,"c(6.1123, 51.3189)"
locatiesmetlaatstewaarneming.fid-25e367c2_19f8584639c_-5ce6,Maas,Neer,neer,Neer,Maas,Waterhoogte in Oppervlaktewater t.o.v. Normaal Amsterdams Peil in cm,2026-07-21T18:20:00Z,"c(6.0055, 51.2604)"
locatiesmetlaatstewaarneming.fid-25e367c2_19f8584639c_-5cbb,Maas,"Sambeek, boven",sambeek.boven,"Sambeek, boven",Maas,Waterhoogte in Oppervlaktewater t.o.v. Normaal Amsterdams Peil in cm,2026-07-21T18:20:00Z,"c(6.0036, 51.63225)"
locatiesmetlaatstewaarneming.fid-25e367c2_19f8584639c_-5cae,Maas,Uikhoven,uikhoven,"lm 25,25",Maas,Waterhoogte in Oppervlaktewater t.o.v. Normaal Amsterdams Peil in cm,2026-07-21T18:10:00Z,"c(5.7321, 50.928834)"
locatiesmetlaatstewaarneming.fid-25e367c2_19f8584639c_-5cab,Maas,Maastricht Sint Pieter zuid,maastricht.sintpieter.zuid,Maastricht Sint Pieter zuid,Maas,Waterhoogte in Oppervlaktewater t.o.v. Normaal Amsterdams Peil in cm,2026-07-21T18:20:00Z,"c(5.6977, 50.8279)"
locatiesmetlaatstewaarneming.fid-25e367c2_19f8584639c_-5ca6,Maas,"Grave, boven",grave.boven,sluis,Maas,Waterhoogte in Oppervlaktewater t.o.v. Normaal Amsterdams Peil in cm,2026-07-21T18:20:00Z,"c(5.743, 51.761)"
locatiesmetlaatstewaarneming.fid-25e367c2_19f8584639c_-5c88,Maas,'s-Hertogenbosch Crevecoeur,shertogenbosch.crevecoeur,'s-Hertogenbosch Crevecoeur,Maas,Waterhoogte in Oppervlaktewater t.o.v. Normaal Amsterdams Peil in cm,2026-07-21T17:50:00Z,"c(5.271539, 51.733524)"
locatiesmetlaatstewaarneming.fid-25e367c2_19f8584639c_-5c81,Maas,Belfeld beneden,steyl,"km 102,697",Maas,Waterhoogte in Oppervlaktewater t.o.v. Normaal Amsterdams Peil in cm,2026-07-21T18:20:00Z,"c(6.116676, 51.33536)"
locatiesmetlaatstewaarneming.fid-25e367c2_19f8584639c_-5c7e,Maas,Linne beneden,linne.stuw.beneden,"km 70,40",Maas,Waterhoogte in Oppervlaktewater t.o.v. Normaal Amsterdams Peil in cm,2026-07-21T18:20:00Z,"c(5.942617, 51.160525)"
locatiesmetlaatstewaarneming.fid-25e367c2_19f8584639c_-5c7b,Maas,Meeswijk veer,meeswijk,"km 38,93",Maas,Waterhoogte in Oppervlaktewater t.o.v. Normaal Amsterdams Peil in cm,2026-07-21T18:10:00Z,"c(5.766474, 51.006474)"
locatiesmetlaatstewaarneming.fid-25e367c2_19f8584639c_-5c70,Maas,Mook,mook,Mook,Maas,Waterhoogte in Oppervlaktewater t.o.v. Normaal Amsterdams Peil in cm,2026-07-21T18:20:00Z,"c(5.8645, 51.758)"
locatiesmetlaatstewaarneming.fid-25e367c2_19f8584639c_-5c5a,Maas,Borgharen Dorp,maastricht.borgharen.maas.beneden,"km 16,00",Maas,Waterhoogte in Oppervlaktewater t.o.v. Normaal Amsterdams Peil in cm,2026-07-21T18:20:00Z,"c(5.691, 50.8724)"
locatiesmetlaatstewaarneming.fid-25e367c2_19f8584639c_-5c44,Maas,Lith dorp,lith.beneden,"km 202,37",Maas,Waterhoogte in Oppervlaktewater t.o.v. Normaal Amsterdams Peil in cm,2026-07-21T18:20:00Z,"c(5.432911, 51.810386)"
locatiesmetlaatstewaarneming.fid-25e367c2_19f8584639c_-5c38,Maas,"Roermond, boven",roermond.boven,"Roermond, boven",Maas,Waterhoogte in Oppervlaktewater t.o.v. Normaal Amsterdams Peil in cm,2026-07-21T18:20:00Z,"c(5.9815, 51.2005)"
locatiesmetlaatstewaarneming.fid-25e367c2_19f8584639c_-5c34,Maas,Stevensweert,stevensweert,Stevensweert,Maas,Waterhoogte in Oppervlaktewater t.o.v. Normaal Amsterdams Peil in cm,2026-07-21T18:20:00Z,"c(5.841665, 51.131088)"
locatiesmetlaatstewaarneming.fid-25e367c2_19f8584639c_-5c30,Maas,"Lith, beneden sluis",lith.sluis,"Lith, beneden sluis",Maas,Waterhoogte in Oppervlaktewater t.o.v. Normaal Amsterdams Peil in cm,2026-07-21T18:20:00Z,"c(5.452453, 51.80911)"
locatiesmetlaatstewaarneming.fid-25e367c2_19f8584639c_-5c29,Maas,Gennep,gennep,Gennep,Maas,Waterhoogte in Oppervlaktewater t.o.v. Normaal Amsterdams Peil in cm,2026-07-21T18:20:00Z,"c(5.9574, 51.697)"
locatiesmetlaatstewaarneming.fid-25e367c2_19f8584639c_-5c1c,Maas,Sint Pieter Noord,maastricht.sintpieter,"km 10,80",Maas,Waterhoogte in Oppervlaktewater t.o.v. Normaal Amsterdams Peil in cm,2026-07-21T18:20:00Z,"c(5.69732, 50.830294)"
locatiesmetlaatstewaarneming.fid-25e367c2_19f8584639c_-5c17,Maas,"Grave, beneden",grave.beneden,sluis,Maas,Waterhoogte in Oppervlaktewater t.o.v. Normaal Amsterdams Peil in cm,2026-07-21T18:20:00Z,"c(5.72, 51.775)"
locatiesmetlaatstewaarneming.fid-25e367c2_19f8584639c_-5c15,Maas,"Lith, boven",lith.boven,"Lith, boven",Maas,Waterhoogte in Oppervlaktewater t.o.v. Normaal Amsterdams Peil in cm,2026-07-21T18:20:00Z,"c(5.455, 51.81)"
locatiesmetlaatstewaarneming.fid-25e367c2_19f8584639c_-5c13,Maas,Well dorp,well,"km 132,10",Maas,Waterhoogte in Oppervlaktewater t.o.v. Normaal Amsterdams Peil in cm,2026-07-21T18:20:00Z,"c(6.09245, 51.54744)"
locatiesmetlaatstewaarneming.fid-25e367c2_19f8584639c_-5bf0,Maas,Elsloo,elsloo.maas,"km 29,325",Maas,Waterhoogte in Oppervlaktewater t.o.v. Normaal Amsterdams Peil in cm,2025-11-27T00:50:00Z,"c(5.755318, 50.957736)"
locatiesmetlaatstewaarneming.fid-25e367c2_19f8584639c_-5bee,Maas,Borgharen Dorp,maastricht.borgharen.maas.beneden,"km 16,00",Maas,Waterhoogte in Oppervlaktewater t.o.v. Normaal Amsterdams Peil in cm,2025-11-27T00:50:00Z,"c(5.691, 50.8724)"
locatiesmetlaatstewaarneming.fid-25e367c2_19f8584639c_-5bec,Maas,Stevensweert,stevensweert,Stevensweert,Maas,Waterhoogte in Oppervlaktewater t.o.v. Normaal Amsterdams Peil in cm,2025-11-27T00:50:00Z,"c(5.841665, 51.131088)"
locatiesmetlaatstewaarneming.fid-25e367c2_19f8584639c_-5beb,Maas,Sint Pieter Noord,maastricht.sintpieter,"km 10,80",Maas,Waterhoogte in Oppervlaktewater t.o.v. Normaal Amsterdams Peil in cm,2025-11-27T00:50:00Z,"c(5.69732, 50.830294)"
locatiesmetlaatstewaarneming.fid-25e367c2_19f8584639c_-5bc3,Maas,"Roermond, boven",roermond.boven,"Roermond, boven",Maas,Waterhoogte in Oppervlaktewater t.o.v. Normaal Amsterdams Peil in cm,2025-11-27T00:50:00Z,"c(5.9815, 51.2005)"
locatiesmetlaatstewaarneming.fid-25e367c2_19f8584639c_-5bc1,Maas,"Sambeek, boven",sambeek.boven,"Sambeek, boven",Maas,Waterhoogte in Oppervlaktewater t.o.v. Normaal Amsterdams Peil in cm,2025-11-27T00:50:00Z,"c(6.0036, 51.63225)"
locatiesmetlaatstewaarneming.fid-25e367c2_19f8584639c_-5bba,Maas,Gennep,gennep,Gennep,Maas,Waterhoogte in Oppervlaktewater t.o.v. Normaal Amsterdams Peil in cm,2025-11-27T00:50:00Z,"c(5.9574, 51.697)"
locatiesmetlaatstewaarneming.fid-25e367c2_19f8584639c_-5bb9,Maas,Venlo,venlo,"km 107,47",Maas,Waterhoogte in Oppervlaktewater t.o.v. Normaal Amsterdams Peil in cm,2025-11-27T00:50:00Z,"c(6.159406, 51.367387)"
locatiesmetlaatstewaarneming.fid-25e367c2_19f8584639c_-5bb8,Maas,"Lith, boven",lith.boven,"Lith, boven",Maas,Waterhoogte in Oppervlaktewater t.o.v. Normaal Amsterdams Peil in cm,2025-11-27T00:50:00Z,"c(5.455, 51.81)"
locatiesmetlaatstewaarneming.fid-25e367c2_19f8584639c_-5bb7,Maas,"Grave, boven",grave.boven,sluis,Maas,Waterhoogte in Oppervlaktewater t.o.v. Normaal Amsterdams Peil in cm,2025-11-27T00:50:00Z,"c(5.743, 51.761)"
locatiesmetlaatstewaarneming.fid-25e367c2_19f8584639c_-5bb3,Maas,Buggenum Hanssumerweerd,buggenum,"km 85,77",Maas,Waterhoogte in Oppervlaktewater t.o.v. Normaal Amsterdams Peil in cm,2025-11-27T00:50:00Z,"c(5.99556, 51.22999)"
locatiesmetlaatstewaarneming.fid-25e367c2_19f8584639c_-5baf,Maas,Lith dorp,lith.beneden,"km 202,37",Maas,Waterhoogte in Oppervlaktewater t.o.v. Normaal Amsterdams Peil in cm,2025-11-27T00:50:00Z,"c(5.432911, 51.810386)"
locatiesmetlaatstewaarneming.fid-25e367c2_19f8584639c_-5b92,Maas,"Belfeld, boven",belfeld.boven,"Belfeld, boven",Maas,Waterhoogte in Oppervlaktewater t.o.v. Normaal Amsterdams Peil in cm,2025-11-27T00:50:00Z,"c(6.1123, 51.3189)"
locatiesmetlaatstewaarneming.fid-25e367c2_19f8584639c_-5b30,Maas,Well dorp,well,"km 132,10",Maas,Waterhoogte in Oppervlaktewater t.o.v. Normaal Amsterdams Peil in cm,2025-11-27T00:50:00Z,"c(6.09245, 51.54744)"
locatiesmetlaatstewaarneming.fid-25e367c2_19f8584639c_-5b2c,Maas,Megen Dorp,megen.maas,"km 190,75",Maas,Waterhoogte in Oppervlaktewater t.o.v. Normaal Amsterdams Peil in cm,2025-11-27T00:50:00Z,"c(5.563091, 51.827827)"
locatiesmetlaatstewaarneming.fid-25e367c2_19f8584639c_-5b23,Maas,Uikhoven,uikhoven,"lm 25,25",Maas,Waterhoogte in Oppervlaktewater t.o.v. Normaal Amsterdams Peil in cm,2025-11-27T00:50:00Z,"c(5.7321, 50.928834)"
locatiesmetlaatstewaarneming.fid-25e367c2_19f8584639c_-5b21,Maas,Neer,neer,Neer,Maas,Waterhoogte in Oppervlaktewater t.o.v. Normaal Amsterdams Peil in cm,2025-11-27T00:50:00Z,"c(6.0055, 51.2604)"
locatiesmetlaatstewaarneming.fid-25e367c2_19f8584639c_-5b1e,Maas,Linne beneden,linne.stuw.beneden,"km 70,40",Maas,Waterhoogte in Oppervlaktewater t.o.v. Normaal Amsterdams Peil in cm,2025-11-27T00:50:00Z,"c(5.942617, 51.160525)"
locatiesmetlaatstewaarneming.fid-25e367c2_19f8584639c_-5b1c,Maas,Belfeld beneden,steyl,"km 102,697",Maas,Waterhoogte in Oppervlaktewater t.o.v. Normaal Amsterdams Peil in cm,2025-11-27T00:50:00Z,"c(6.116676, 51.33536)"
locatiesmetlaatstewaarneming.fid-25e367c2_19f8584639c_-5b16,Maas,Mook,mook,Mook,Maas,Waterhoogte in Oppervlaktewater t.o.v. Normaal Amsterdams Peil in cm,2025-11-27T00:50:00Z,"c(5.8645, 51.758)"
locatiesmetlaatstewaarneming.fid-25e367c2_19f8584639c_-5b10,Maas,"Grave, beneden",grave.beneden,sluis,Maas,Waterhoogte in Oppervlaktewater t.o.v. Normaal Amsterdams Peil in cm,2025-11-27T00:50:00Z,"c(5.72, 51.775)"
locatiesmetlaatstewaarneming.fid-25e367c2_19f8584639c_-5b0c,Maas,"Sambeek, beneden",sambeek.beneden,"Sambeek, beneden",Maas,Waterhoogte in Oppervlaktewater t.o.v. Normaal Amsterdams Peil in cm,2025-11-27T00:50:00Z,"c(5.972, 51.6458)"
locatiesmetlaatstewaarneming.fid-25e367c2_19f8584639c_-5aee,Maas,Sint Pieter Noord,maastricht.sintpieter,"km 10,80",Maas,Waterhoogte in Oppervlaktewater t.o.v. Normaal Amsterdams Peil in cm,2025-08-05T01:50:00Z,"c(5.69732, 50.830294)"
locatiesmetlaatstewaarneming.fid-25e367c2_19f8584639c_-5ae0,Maas,Meeswijk veer,meeswijk,"km 38,93",Maas,Waterhoogte in Oppervlaktewater t.o.v. Normaal Amsterdams Peil in cm,2025-11-27T00:40:00Z,"c(5.766474, 51.006474)"
locatiesmetlaatstewaarneming.fid-25e367c2_19f8584639c_-5abb,Maas,Maastricht Sint Pieter zuid,maastricht.sintpieter.zuid,Maastricht Sint Pieter zuid,Maas,Waterhoogte in Oppervlaktewater t.o.v. Normaal Amsterdams Peil in cm,2025-11-27T00:50:00Z,"c(5.6977, 50.8279)"
locatiesmetlaatstewaarneming.fid-25e367c2_19f8584639c_-5ab1,Maas,Maastricht Sint Pieter zuid,maastricht.sintpieter.zuid,Maastricht Sint Pieter zuid,Maas,Waterhoogte in Oppervlaktewater t.o.v. Normaal Amsterdams Peil in cm,2025-08-13T01:50:00Z,"c(5.6977, 50.8279)"
locatiesmetlaatstewaarneming.fid-25e367c2_19f8584639c_-590f,Maas,Elsloo,elsloo.maas,"km 29,325",Maas,Waterhoogte in Oppervlaktewater t.o.v. Tweede Algemene Waterpassing in cm,2026-07-21T18:20:00Z,"c(5.755318, 50.957736)"
locatiesmetlaatstewaarneming.fid-25e367c2_19f8584639c_-590d,Maas,Borgharen Dorp,maastricht.borgharen.maas.beneden,"km 16,00",Maas,Waterhoogte in Oppervlaktewater t.o.v. Tweede Algemene Waterpassing in cm,2026-07-21T18:20:00Z,"c(5.691, 50.8724)"
locatiesmetlaatstewaarneming.fid-25e367c2_19f8584639c_-590c,Maas,Stevensweert,stevensweert,Stevensweert,Maas,Waterhoogte in Oppervlaktewater t.o.v. Tweede Algemene Waterpassing in cm,2026-07-21T18:20:00Z,"c(5.841665, 51.131088)"
locatiesmetlaatstewaarneming.fid-25e367c2_19f8584639c_-590b,Maas,Sint Pieter Noord,maastricht.sintpieter,"km 10,80",Maas,Waterhoogte in Oppervlaktewater t.o.v. Tweede Algemene Waterpassing in cm,2026-07-21T18:20:00Z,"c(5.69732, 50.830294)"
locatiesmetlaatstewaarneming.fid-25e367c2_19f8584639c_-590a,Maas,Borgharen Dorp,maastricht.borgharen.maas.beneden,"km 16,00",Maas,Waterhoogte in Oppervlaktewater t.o.v. Tweede Algemene Waterpassing in cm,2025-11-27T00:50:00Z,"c(5.691, 50.8724)"
locatiesmetlaatstewaarneming.fid-25e367c2_19f8584639c_-5909,Maas,Elsloo,elsloo.maas,"km 29,325",Maas,Waterhoogte in Oppervlaktewater t.o.v. Tweede Algemene Waterpassing in cm,2025-11-27T00:50:00Z,"c(5.755318, 50.957736)"
locatiesmetlaatstewaarneming.fid-25e367c2_19f8584639c_-5908,Maas,Stevensweert,stevensweert,Stevensweert,Maas,Waterhoogte in Oppervlaktewater t.o.v. Tweede Algemene Waterpassing in cm,2025-11-27T00:50:00Z,"c(5.841665, 51.131088)"
locatiesmetlaatstewaarneming.fid-25e367c2_19f8584639c_-5906,Maas,Sint Pieter Noord,maastricht.sintpieter,"km 10,80",Maas,Waterhoogte in Oppervlaktewater t.o.v. Tweede Algemene Waterpassing in cm,2025-11-27T00:50:00Z,"c(5.69732, 50.830294)"
locatiesmetlaatstewaarneming.fid-25e367c2_19f8584639c_-5904,Maas,Maastricht Sint Pieter zuid,maastricht.sintpieter.zuid,Maastricht Sint Pieter zuid,Maas,Waterhoogte in Oppervlaktewater t.o.v. Tweede Algemene Waterpassing in cm,2025-08-13T01:50:00Z,"c(5.6977, 50.8279)"
locatiesmetlaatstewaarneming.fid-25e367c2_19f8584639c_-5ccc,Maas-Waalkanaal,Nijmegen Maaswaalkanaal Inlaat Weurt,nijmegen.maaswaalkanaal.inlaatweurt,Nijmegen Maaswaalkanaal Inlaat Weurt,Maas-Waalkanaal,Waterhoogte in Oppervlaktewater t.o.v. Normaal Amsterdams Peil in cm,2026-07-21T18:10:00Z,"c(5.81146, 51.84111)"
locatiesmetlaatstewaarneming.fid-25e367c2_19f8584639c_-5ca7,Maas-Waalkanaal,Malden Maaswaalkanaal Inlaat Teersesluispolder,malden.maaswaalkanaal.inlaatteersesluispolder,Malden Maaswaalkanaal Inlaat Teersesluispolder,Maas-Waalkanaal,Waterhoogte in Oppervlaktewater t.o.v. Normaal Amsterdams Peil in cm,2026-07-21T18:00:00Z,"c(5.83495, 51.78926)"
locatiesmetlaatstewaarneming.fid-25e367c2_19f8584639c_-5c72,Maas-Waalkanaal,Nijmegen Maaswaalkanaal Inlaat Landsweijer,nijmegen.maaswaalkanaal.inlaatlandsweijer,Nijmegen Maaswaalkanaal Inlaat Landsweijer,Maas-Waalkanaal,Waterhoogte in Oppervlaktewater t.o.v. Normaal Amsterdams Peil in cm,2026-07-21T18:00:00Z,"c(5.80625, 51.82919)"
locatiesmetlaatstewaarneming.fid-25e367c2_19f8584639c_-5930,Maas-Waalkanaal,Malden Maaswaalkanaal Inlaat Teersesluispolder,malden.maaswaalkanaal.inlaatteersesluispolder,Malden Maaswaalkanaal Inlaat Teersesluispolder,Maas-Waalkanaal,Waterhoogte in Oppervlaktewater t.o.v. plaatselijk referentievlak in cm,2025-11-27T00:40:00Z,"c(5.83495, 51.78926)"
locatiesmetlaatstewaarneming.fid-25e367c2_19f8584639c_-592f,Maas-Waalkanaal,Nijmegen Maaswaalkanaal Inlaat Landsweijer,nijmegen.maaswaalkanaal.inlaatlandsweijer,Nijmegen Maaswaalkanaal Inlaat Landsweijer,Maas-Waalkanaal,Waterhoogte in Oppervlaktewater t.o.v. plaatselijk referentievlak in cm,2025-11-27T00:40:00Z,"c(5.80625, 51.82919)"
locatiesmetlaatstewaarneming.fid-25e367c2_19f8584639c_-592e,Maas-Waalkanaal,Nijmegen Maaswaalkanaal Inlaat Weurt,nijmegen.maaswaalkanaal.inlaatweurt,Nijmegen Maaswaalkanaal Inlaat Weurt,Maas-Waalkanaal,Waterhoogte in Oppervlaktewater t.o.v. plaatselijk referentievlak in cm,2025-11-27T00:40:00Z,"c(5.81146, 51.84111)"
locatiesmetlaatstewaarneming.fid-25e367c2_19f8584639c_-5cba,Nederrijn,"Amerongen, beneden",amerongen.beneden,"Amerongen, beneden",Nederrijn,Waterhoogte in Oppervlaktewater t.o.v. Normaal Amsterdams Peil in cm,2026-07-21T18:20:00Z,"c(5.404, 51.974)"
locatiesmetlaatstewaarneming.fid-25e367c2_19f8584639c_-5ca9,Nederrijn,Westervoort IJsselkop,westervoort.ijsselkop,Westervoort IJsselkop,Nederrijn,Waterhoogte in Oppervlaktewater t.o.v. Normaal Amsterdams Peil in cm,2026-07-21T18:20:00Z,"c(5.953, 51.9507)"
locatiesmetlaatstewaarneming.fid-25e367c2_19f8584639c_-5c9e,Nederrijn,"Arnhem, Nederrijn",arnhem.nederrijn,"Arnhem, Nederrijn",Nederrijn,Waterhoogte in Oppervlaktewater t.o.v. Normaal Amsterdams Peil in cm,2026-07-21T18:20:00Z,"c(5.912023, 51.975408)"
locatiesmetlaatstewaarneming.fid-25e367c2_19f8584639c_-5c6c,Nederrijn,"Huissen, Nederrijn",huissen.nederrijn,"Huissen, Nederrijn",Nederrijn,Waterhoogte in Oppervlaktewater t.o.v. Normaal Amsterdams Peil in cm,2026-07-21T18:20:00Z,"c(5.962108, 51.933324)"
locatiesmetlaatstewaarneming.fid-25e367c2_19f8584639c_-5c2d,Nederrijn,"Amerongen, boven",amerongen.boven,"Amerongen, boven",Nederrijn,Waterhoogte in Oppervlaktewater t.o.v. Normaal Amsterdams Peil in cm,2026-07-21T18:20:00Z,"c(5.4125, 51.9753)"
locatiesmetlaatstewaarneming.fid-25e367c2_19f8584639c_-5c1a,Nederrijn,"Driel, boven",driel.boven,"Driel, boven",Nederrijn,Waterhoogte in Oppervlaktewater t.o.v. Normaal Amsterdams Peil in cm,2026-07-21T18:20:00Z,"c(5.810635, 51.96584)"
locatiesmetlaatstewaarneming.fid-25e367c2_19f8584639c_-5c03,Nederrijn,Rhenen Grebbeberg,rhenen.grebbeberg,Rhenen Grebbeberg,Nederrijn,Waterhoogte in Oppervlaktewater t.o.v. Normaal Amsterdams Peil in cm,2026-07-21T18:20:00Z,"c(5.589806, 51.949389)"
locatiesmetlaatstewaarneming.fid-25e367c2_19f8584639c_-5bfe,Nederrijn,"Driel, beneden",driel.beneden,"Driel, beneden",Nederrijn,Waterhoogte in Oppervlaktewater t.o.v. Normaal Amsterdams Peil in cm,2026-07-21T18:20:00Z,"c(5.802606, 51.962992)"
locatiesmetlaatstewaarneming.fid-25e367c2_19f8584639c_-5b4b,Nederrijn,"Huissen, Nederrijn",huissen.nederrijn,"Huissen, Nederrijn",Nederrijn,Waterhoogte in Oppervlaktewater t.o.v. Normaal Amsterdams Peil in cm,2025-11-27T00:50:00Z,"c(5.962108, 51.933324)"
locatiesmetlaatstewaarneming.fid-25e367c2_19f8584639c_-5b27,Nederrijn,"Amerongen, beneden",amerongen.beneden,"Amerongen, beneden",Nederrijn,Waterhoogte in Oppervlaktewater t.o.v. Normaal Amsterdams Peil in cm,2025-11-27T00:50:00Z,"c(5.404, 51.974)"
locatiesmetlaatstewaarneming.fid-25e367c2_19f8584639c_-5b13,Nederrijn,"Driel, beneden",driel.beneden,"Driel, beneden",Nederrijn,Waterhoogte in Oppervlaktewater t.o.v. Normaal Amsterdams Peil in cm,2025-11-27T00:50:00Z,"c(5.802606, 51.962992)"
locatiesmetlaatstewaarneming.fid-25e367c2_19f8584639c_-5b12,Nederrijn,"Arnhem, Nederrijn",arnhem.nederrijn,"Arnhem, Nederrijn",Nederrijn,Waterhoogte in Oppervlaktewater t.o.v. Normaal Amsterdams Peil in cm,2025-11-27T00:50:00Z,"c(5.912023, 51.975408)"
locatiesmetlaatstewaarneming.fid-25e367c2_19f8584639c_-5b0f,Nederrijn,Westervoort IJsselkop,westervoort.ijsselkop,Westervoort IJsselkop,Nederrijn,Waterhoogte in Oppervlaktewater t.o.v. Normaal Amsterdams Peil in cm,2025-11-27T00:50:00Z,"c(5.953, 51.9507)"
locatiesmetlaatstewaarneming.fid-25e367c2_19f8584639c_-5b0d,Nederrijn,"Driel, boven",driel.boven,"Driel, boven",Nederrijn,Waterhoogte in Oppervlaktewater t.o.v. Normaal Amsterdams Peil in cm,2025-11-27T00:50:00Z,"c(5.810635, 51.96584)"
locatiesmetlaatstewaarneming.fid-25e367c2_19f8584639c_-5b05,Nederrijn,Rhenen Grebbeberg,rhenen.grebbeberg,Rhenen Grebbeberg,Nederrijn,Waterhoogte in Oppervlaktewater t.o.v. Normaal Amsterdams Peil in cm,2025-11-27T00:50:00Z,"c(5.589806, 51.949389)"
locatiesmetlaatstewaarneming.fid-25e367c2_19f8584639c_-5b03,Nederrijn,"Amerongen, boven",amerongen.boven,"Amerongen, boven",Nederrijn,Waterhoogte in Oppervlaktewater t.o.v. Normaal Amsterdams Peil in cm,2025-11-27T00:50:00Z,"c(5.4125, 51.9753)"
locatiesmetlaatstewaarneming.fid-25e367c2_19f8584639c_-5c42,Grevelingenmeer,Bommenede,bommenede,Grevelingen boei G22,Grevelingenmeer,Waterhoogte in Oppervlaktewater t.o.v. Normaal Amsterdams Peil in cm,2026-07-21T18:20:00Z,"c(3.974298, 51.738709)"
locatiesmetlaatstewaarneming.fid-25e367c2_19f8584639c_-5c3d,Grevelingenmeer,Brouwersdam spuisluis binnen schuif6,brouwersdam.spui.binnen.schuif6,Brouwersdam spuisluis binnen schuif6,Grevelingenmeer,Waterhoogte in Oppervlaktewater t.o.v. Normaal Amsterdams Peil in cm,2026-07-21T18:20:00Z,"c(3.827374, 51.748217)"
locatiesmetlaatstewaarneming.fid-25e367c2_19f8584639c_-5c3b,Grevelingenmeer,Brouwersdam spuisluis buiten schuif2,brouwersdam.spui.buiten.schuif2,Brouwersdam spuisluis buiten schuif2,Grevelingenmeer,Waterhoogte in Oppervlaktewater t.o.v. Normaal Amsterdams Peil in cm,2026-07-21T18:20:00Z,"c(3.82584, 51.748584)"
locatiesmetlaatstewaarneming.fid-25e367c2_19f8584639c_-5ad3,Grevelingenmeer,Bommenede,bommenede,Grevelingen boei G22,Grevelingenmeer,Waterhoogte in Oppervlaktewater t.o.v. Normaal Amsterdams Peil in cm,2025-10-01T00:50:00Z,"c(3.974298, 51.738709)"
locatiesmetlaatstewaarneming.fid-25e367c2_19f8584639c_-5a7d,Grevelingenmeer,Bommenede,bommenede,Grevelingen boei G22,Grevelingenmeer,Waterhoogte in Oppervlaktewater t.o.v. Normaal Amsterdams Peil in cm,2026-04-01T00:50:00Z,"c(3.974298, 51.738709)"
locatiesmetlaatstewaarneming.fid-25e367c2_19f8584639c_-5c4a,Hollandsch Diep,"Willemstad, Volkerak",willemstad.volkerak,voorheen Rak zuid,Hollandsch Diep,Waterhoogte in Oppervlaktewater t.o.v. Normaal Amsterdams Peil in cm,2026-07-21T18:20:00Z,"c(4.397417, 51.682434)"
locatiesmetlaatstewaarneming.fid-25e367c2_19f8584639c_-5c2a,Hollandsch Diep,"Willemstad, Hollandsch Diep",willemstad.hollandschdiep,Volkeraksluizen spuisluis,Hollandsch Diep,Waterhoogte in Oppervlaktewater t.o.v. Normaal Amsterdams Peil in cm,2026-07-21T18:20:00Z,"c(4.40689, 51.696401)"
locatiesmetlaatstewaarneming.fid-25e367c2_19f8584639c_-5bf4,Hollandsch Diep,Moerdijk,moerdijk,Moerdijk,Hollandsch Diep,Waterhoogte in Oppervlaktewater t.o.v. Normaal Amsterdams Peil in cm,2026-07-21T18:20:00Z,"c(4.615, 51.712)"
locatiesmetlaatstewaarneming.fid-25e367c2_19f8584639c_-5bab,Hollandsch Diep,Moerdijk,moerdijk,Moerdijk,Hollandsch Diep,Waterhoogte in Oppervlaktewater t.o.v. Normaal Amsterdams Peil in cm,2025-11-27T00:50:00Z,"c(4.615, 51.712)"
locatiesmetlaatstewaarneming.fid-25e367c2_19f8584639c_-5ba9,Hollandsch Diep,"Willemstad, Hollandsch Diep",willemstad.hollandschdiep,Volkeraksluizen spuisluis,Hollandsch Diep,Waterhoogte in Oppervlaktewater t.o.v. Normaal Amsterdams Peil in cm,2025-11-27T00:50:00Z,"c(4.40689, 51.696401)"
locatiesmetlaatstewaarneming.fid-25e367c2_19f8584639c_-5b71,Hollandsch Diep,"Willemstad, Hollandsch Diep",willemstad.hollandschdiep,Volkeraksluizen spuisluis,Hollandsch Diep,Waterhoogte in Oppervlaktewater t.o.v. Normaal Amsterdams Peil in cm,2025-01-01T02:18:00Z,"c(4.40689, 51.696401)"
locatiesmetlaatstewaarneming.fid-25e367c2_19f8584639c_-5b70,Hollandsch Diep,Moerdijk,moerdijk,Moerdijk,Hollandsch Diep,Waterhoogte in Oppervlaktewater t.o.v. Normaal Amsterdams Peil in cm,2025-01-01T02:40:00Z,"c(4.615, 51.712)"
locatiesmetlaatstewaarneming.fid-25e367c2_19f8584639c_-5b5e,Hollandsch Diep,"Willemstad, Hollandsch Diep",willemstad.hollandschdiep,Volkeraksluizen spuisluis,Hollandsch Diep,Waterhoogte in Oppervlaktewater t.o.v. Normaal Amsterdams Peil in cm,2025-09-27T11:20:00Z,"c(4.40689, 51.696401)"
locatiesmetlaatstewaarneming.fid-25e367c2_19f8584639c_-5ae4,Hollandsch Diep,"Willemstad, Volkerak",willemstad.volkerak,voorheen Rak zuid,Hollandsch Diep,Waterhoogte in Oppervlaktewater t.o.v. Normaal Amsterdams Peil in cm,2025-11-27T00:50:00Z,"c(4.397417, 51.682434)"
locatiesmetlaatstewaarneming.fid-25e367c2_19f8584639c_-5c4d,Hollandsche IJssel,"Krimpen aan de IJssel, Hollandsche IJssel",krimpenaandeijssel.hollandscheijssel,"Krimpen aan de IJssel, Hollandsche IJssel",Hollandsche IJssel,Waterhoogte in Oppervlaktewater t.o.v. Normaal Amsterdams Peil in cm,2026-07-21T18:20:00Z,"c(4.579, 51.9165)"
locatiesmetlaatstewaarneming.fid-25e367c2_19f8584639c_-5bf8,Hollandsche IJssel,Gouda Hollandsche IJssel,gouda.hollandscheijssel,Gouda Hollandsche IJssel,Hollandsche IJssel,Waterhoogte in Oppervlaktewater t.o.v. Normaal Amsterdams Peil in cm,2026-07-21T18:20:00Z,"c(4.71972, 52.00658)"
locatiesmetlaatstewaarneming.fid-25e367c2_19f8584639c_-5bc0,Hollandsche IJssel,Gouda Hollandsche IJssel,gouda.hollandscheijssel,Gouda Hollandsche IJssel,Hollandsche IJssel,Waterhoogte in Oppervlaktewater t.o.v. Normaal Amsterdams Peil in cm,2025-11-27T00:50:00Z,"c(4.71972, 52.00658)"
locatiesmetlaatstewaarneming.fid-25e367c2_19f8584639c_-5bbf,Hollandsche IJssel,"Krimpen aan de IJssel, Hollandsche IJssel",krimpenaandeijssel.hollandscheijssel,"Krimpen aan de IJssel, Hollandsche IJssel",Hollandsche IJssel,Waterhoogte in Oppervlaktewater t.o.v. Normaal Amsterdams Peil in cm,2025-11-27T00:50:00Z,"c(4.579, 51.9165)"
locatiesmetlaatstewaarneming.fid-25e367c2_19f8584639c_-5b63,Hollandsche IJssel,Gouda Hollandsche IJssel,gouda.hollandscheijssel,Gouda Hollandsche IJssel,Hollandsche IJssel,Waterhoogte in Oppervlaktewater t.o.v. Normaal Amsterdams Peil in cm,2025-01-01T01:49:00Z,"c(4.71972, 52.00658)"
locatiesmetlaatstewaarneming.fid-25e367c2_19f8584639c_-5b5f,Hollandsche IJssel,"Krimpen aan de IJssel, Hollandsche IJssel",krimpenaandeijssel.hollandscheijssel,"Krimpen aan de IJssel, Hollandsche IJssel",Hollandsche IJssel,Waterhoogte in Oppervlaktewater t.o.v. Normaal Amsterdams Peil in cm,2025-01-01T01:26:00Z,"c(4.579, 51.9165)"
locatiesmetlaatstewaarneming.fid-25e367c2_19f8584639c_-5d00,IJssel,"Kampen, IJssel",kampen.ijssel,voorheen bovenhaven,IJssel,Waterhoogte in Oppervlaktewater t.o.v. Normaal Amsterdams Peil in cm,2026-07-21T18:20:00Z,"c(5.9264, 52.552)"
locatiesmetlaatstewaarneming.fid-25e367c2_19f8584639c_-5ce9,IJssel,Wijhe,wijhe,Wijhe,IJssel,Waterhoogte in Oppervlaktewater t.o.v. Normaal Amsterdams Peil in cm,2026-07-21T18:20:00Z,"c(6.126917, 52.387)"
locatiesmetlaatstewaarneming.fid-25e367c2_19f8584639c_-5cd2,IJssel,Olst,olst,Olst,IJssel,Waterhoogte in Oppervlaktewater t.o.v. Normaal Amsterdams Peil in cm,2026-07-21T18:20:00Z,"c(6.10448, 52.34201)"
locatiesmetlaatstewaarneming.fid-25e367c2_19f8584639c_-5c8e,IJssel,Westervoort Hondsbroeksche Pleij IJssel,westervoort.hondbroekschepleij.ijssel,Westervoort Hondsbroeksche Pleij IJssel,IJssel,Waterhoogte in Oppervlaktewater t.o.v. Normaal Amsterdams Peil in cm,2026-02-25T05:50:00Z,"c(5.950237, 51.959934)"
locatiesmetlaatstewaarneming.fid-25e367c2_19f8584639c_-5c8d,IJssel,"Doesburg, IJssel",doesburg.ijssel,"Doesburg, IJssel",IJssel,Waterhoogte in Oppervlaktewater t.o.v. Normaal Amsterdams Peil in cm,2026-07-21T18:20:00Z,"c(6.130488, 52.019532)"
locatiesmetlaatstewaarneming.fid-25e367c2_19f8584639c_-5c7f,IJssel,"Zutphen, IJssel",zutphen.ijssel,noord,IJssel,Waterhoogte in Oppervlaktewater t.o.v. Normaal Amsterdams Peil in cm,2026-07-21T18:20:00Z,"c(6.182, 52.154)"
locatiesmetlaatstewaarneming.fid-25e367c2_19f8584639c_-5c73,IJssel,"Kampen, Keteldiep",kampen.keteldiep,"Kampen, Keteldiep",IJssel,Waterhoogte in Oppervlaktewater t.o.v. Normaal Amsterdams Peil in cm,2026-07-21T18:20:00Z,"c(5.8467, 52.5816)"
locatiesmetlaatstewaarneming.fid-25e367c2_19f8584639c_-5c69,IJssel,Veessen Wapenveld,veessen,Veessen Wapenveld,IJssel,Waterhoogte in Oppervlaktewater t.o.v. Normaal Amsterdams Peil in cm,2026-07-21T18:20:00Z,"c(6.077656, 52.368033)"
locatiesmetlaatstewaarneming.fid-25e367c2_19f8584639c_-5c4e,IJssel,"Westervoort, 2",westervoort.2,IJsseldijkerwaard,IJssel,Waterhoogte in Oppervlaktewater t.o.v. Normaal Amsterdams Peil in cm,2026-07-21T18:20:00Z,"c(5.962, 51.9705)"
locatiesmetlaatstewaarneming.fid-25e367c2_19f8584639c_-5c24,IJssel,De Steeg,desteeg,De Steeg,IJssel,Waterhoogte in Oppervlaktewater t.o.v. Normaal Amsterdams Peil in cm,2026-07-21T18:20:00Z,"c(6.062269, 52.017067)"
locatiesmetlaatstewaarneming.fid-25e367c2_19f8584639c_-5c09,IJssel,Deventer,deventer,Deventer,IJssel,Waterhoogte in Oppervlaktewater t.o.v. Normaal Amsterdams Peil in cm,2026-07-21T18:20:00Z,"c(6.153247, 52.251194)"
locatiesmetlaatstewaarneming.fid-25e367c2_19f8584639c_-5b8e,IJssel,"Westervoort, Hondsbroeksche Pleij, Geul",westervoort.hondsbroekschepleij.geul,"voorheen, oost",IJssel,Waterhoogte in Oppervlaktewater t.o.v. Normaal Amsterdams Peil in cm,2025-11-27T00:50:00Z,"c(5.953158, 51.956117)"
locatiesmetlaatstewaarneming.fid-25e367c2_19f8584639c_-5b85,IJssel,"Kampen, Keteldiep",kampen.keteldiep,"Kampen, Keteldiep",IJssel,Waterhoogte in Oppervlaktewater t.o.v. Normaal Amsterdams Peil in cm,2025-11-27T00:50:00Z,"c(5.8467, 52.5816)"
locatiesmetlaatstewaarneming.fid-25e367c2_19f8584639c_-5b4c,IJssel,"Westervoort, 2",westervoort.2,IJsseldijkerwaard,IJssel,Waterhoogte in Oppervlaktewater t.o.v. Normaal Amsterdams Peil in cm,2025-11-27T00:50:00Z,"c(5.962, 51.9705)"
locatiesmetlaatstewaarneming.fid-25e367c2_19f8584639c_-5b14,IJssel,"De Steeg, haven",desteeg.haven,"De Steeg, haven",IJssel,Waterhoogte in Oppervlaktewater t.o.v. Normaal Amsterdams Peil in cm,2025-11-27T00:50:00Z,"c(6.044835, 52.01012)"
locatiesmetlaatstewaarneming.fid-25e367c2_19f8584639c_-5b11,IJssel,Deventer,deventer,Deventer,IJssel,Waterhoogte in Oppervlaktewater t.o.v. Normaal Amsterdams Peil in cm,2025-11-27T00:50:00Z,"c(6.153247, 52.251194)"
locatiesmetlaatstewaarneming.fid-25e367c2_19f8584639c_-5b0b,IJssel,"Doesburg, IJssel",doesburg.ijssel,"Doesburg, IJssel",IJssel,Waterhoogte in Oppervlaktewater t.o.v. Normaal Amsterdams Peil in cm,2025-11-27T00:50:00Z,"c(6.130488, 52.019532)"
locatiesmetlaatstewaarneming.fid-25e367c2_19f8584639c_-5b07,IJssel,"Zutphen, IJssel",zutphen.ijssel,noord,IJssel,Waterhoogte in Oppervlaktewater t.o.v. Normaal Amsterdams Peil in cm,2025-11-27T00:50:00Z,"c(6.182, 52.154)"
locatiesmetlaatstewaarneming.fid-25e367c2_19f8584639c_-5b06,IJssel,"Westervoort, Hondsbroeksche Pleij, IJssel",westervoort.hondsbroekschepleij.ijssel,"voorheen, west",IJssel,Waterhoogte in Oppervlaktewater t.o.v. Normaal Amsterdams Peil in cm,2025-11-27T00:50:00Z,"c(5.950239, 51.959933)"
locatiesmetlaatstewaarneming.fid-25e367c2_19f8584639c_-5b00,IJssel,Olst,olst,Olst,IJssel,Waterhoogte in Oppervlaktewater t.o.v. Normaal Amsterdams Peil in cm,2025-11-27T00:50:00Z,"c(6.10448, 52.34201)"
locatiesmetlaatstewaarneming.fid-25e367c2_19f8584639c_-5afe,IJssel,Wijhe,wijhe,Wijhe,IJssel,Waterhoogte in Oppervlaktewater t.o.v. Normaal Amsterdams Peil in cm,2025-11-27T00:50:00Z,"c(6.126917, 52.387)"
locatiesmetlaatstewaarneming.fid-25e367c2_19f8584639c_-5af1,IJssel,"Kampen, IJssel",kampen.ijssel,voorheen bovenhaven,IJssel,Waterhoogte in Oppervlaktewater t.o.v. Normaal Amsterdams Peil in cm,2025-11-27T00:50:00Z,"c(5.9264, 52.552)"
locatiesmetlaatstewaarneming.fid-25e367c2_19f8584639c_-5a6b,IJssel,"Westervoort, Hondsbroeksche Pleij, IJssel",westervoort.hondsbroekschepleij.ijssel,"voorheen, west",IJssel,Waterhoogte in Oppervlaktewater t.o.v. Normaal Amsterdams Peil in cm,2026-07-21T18:20:00Z,"c(5.950239, 51.959933)"
locatiesmetlaatstewaarneming.fid-25e367c2_19f8584639c_-5d12,IJsselmeer,"Kadoelen, Zwanediep",kadoelen.zwanediep,"Kadoelen, Zwanediep",IJsselmeer,Waterhoogte in Oppervlaktewater t.o.v. Normaal Amsterdams Peil in cm,2026-07-21T18:20:00Z,"c(5.981641, 52.658243)"
locatiesmetlaatstewaarneming.fid-25e367c2_19f8584639c_-5d04,IJsselmeer,"Krabbersgat, IJsselmeer",krabbersgat.ijsselmeer,"voorheen, noord",IJsselmeer,Waterhoogte in Oppervlaktewater t.o.v. Normaal Amsterdams Peil in cm,2026-07-21T18:20:00Z,"c(5.284, 52.694)"
locatiesmetlaatstewaarneming.fid-25e367c2_19f8584639c_-5cf7,IJsselmeer,Ramspolkering Ketelmeerzijde,ramspolkering.ketelmeer,0,IJsselmeer,Waterhoogte in Oppervlaktewater t.o.v. Normaal Amsterdams Peil in cm,2026-07-21T17:10:00Z,"c(5.84081401, 52.610468)"
locatiesmetlaatstewaarneming.fid-25e367c2_19f8584639c_-5cdc,IJsselmeer,"Lemmer, IJsselmeer",lemmer.ijsselmeer,"Lemmer, IJsselmeer",IJsselmeer,Waterhoogte in Oppervlaktewater t.o.v. Normaal Amsterdams Peil in cm,2026-07-21T18:20:00Z,"c(5.71, 52.838)"
locatiesmetlaatstewaarneming.fid-25e367c2_19f8584639c_-5cd7,IJsselmeer,"Den Oever, IJsselmeer binnenhaven",denoever.ijsselmeer.binnenhaven,"Den Oever, IJsselmeer binnenhaven",IJsselmeer,Waterhoogte in Oppervlaktewater t.o.v. Normaal Amsterdams Peil in cm,2026-07-21T18:20:00Z,"c(5.047539, 52.930195)"
locatiesmetlaatstewaarneming.fid-25e367c2_19f8584639c_-5cc2,IJsselmeer,Rotterdamsehoek IJsselmeer,rotterdamsehoek.ijsselmeer,Rotterdamsehoek IJsselmeer,IJsselmeer,Waterhoogte in Oppervlaktewater t.o.v. Normaal Amsterdams Peil in cm,2026-07-21T18:20:00Z,"c(5.552, 52.748722)"
locatiesmetlaatstewaarneming.fid-25e367c2_19f8584639c_-5c90,IJsselmeer,Stavoren gemaal Hoogland buiten,stavoren.gemaalhoogland.buiten,Stavoren gemaal Hoogland buiten,IJsselmeer,Waterhoogte in Oppervlaktewater t.o.v. Normaal Amsterdams Peil in cm,2026-07-21T17:00:00Z,"c(5.36396, 52.87793)"
locatiesmetlaatstewaarneming.fid-25e367c2_19f8584639c_-5c8f,IJsselmeer,"Lelystad, Houtribsluis, noord",lelystad.houtribsluis.noord,"Lelystad, Houtribsluis, noord",IJsselmeer,Waterhoogte in Oppervlaktewater t.o.v. Normaal Amsterdams Peil in cm,2026-07-21T18:20:00Z,"c(5.435, 52.531)"
locatiesmetlaatstewaarneming.fid-25e367c2_19f8584639c_-5c53,IJsselmeer,"Ramspolbrug, Ramsdiep",ramspolbrug.ramsdiep,"Ramspolbrug, Ramsdiep",IJsselmeer,Waterhoogte in Oppervlaktewater t.o.v. Normaal Amsterdams Peil in cm,2026-07-21T18:20:00Z,"c(5.841944, 52.612666)"
locatiesmetlaatstewaarneming.fid-25e367c2_19f8584639c_-5c1e,IJsselmeer,Lemmer IJsselmeer Woudagemaal,lemmer.ijsselmeer.woudagemaal,Lemmer IJsselmeer Woudagemaal,IJsselmeer,Waterhoogte in Oppervlaktewater t.o.v. Normaal Amsterdams Peil in cm,2026-07-21T17:00:00Z,"c(5.67997, 52.8461)"
locatiesmetlaatstewaarneming.fid-25e367c2_19f8584639c_-5c19,IJsselmeer,"Ketelhaven, Ketelmeer",ketelhaven.ketelmeer,voorheen Ketelmond,IJsselmeer,Waterhoogte in Oppervlaktewater t.o.v. Normaal Amsterdams Peil in cm,2026-07-21T18:20:00Z,"c(5.7627, 52.5825)"
locatiesmetlaatstewaarneming.fid-25e367c2_19f8584639c_-5bd9,IJsselmeer,"Den Oever, IJsselmeer binnenhaven",denoever.ijsselmeer.binnenhaven,"Den Oever, IJsselmeer binnenhaven",IJsselmeer,Waterhoogte in Oppervlaktewater t.o.v. Normaal Amsterdams Peil in cm,2025-11-27T00:50:00Z,"c(5.047539, 52.930195)"
locatiesmetlaatstewaarneming.fid-25e367c2_19f8584639c_-5bd8,IJsselmeer,"Lelystad, Houtribsluis, noord",lelystad.houtribsluis.noord,"Lelystad, Houtribsluis, noord",IJsselmeer,Waterhoogte in Oppervlaktewater t.o.v. Normaal Amsterdams Peil in cm,2025-11-27T00:50:00Z,"c(5.435, 52.531)"
locatiesmetlaatstewaarneming.fid-25e367c2_19f8584639c_-5bd6,IJsselmeer,"Kornwerderzand, IJsselmeer binnenhaven",kornwerderzand.ijsselmeer.binnenhaven,"Kornwerderzand, IJsselmeer binnenhaven",IJsselmeer,Waterhoogte in Oppervlaktewater t.o.v. Normaal Amsterdams Peil in cm,2025-11-27T00:50:00Z,"c(5.337321, 53.06835)"
locatiesmetlaatstewaarneming.fid-25e367c2_19f8584639c_-5bd5,IJsselmeer,"Lemmer, IJsselmeer",lemmer.ijsselmeer,"Lemmer, IJsselmeer",IJsselmeer,Waterhoogte in Oppervlaktewater t.o.v. Normaal Amsterdams Peil in cm,2025-11-27T00:50:00Z,"c(5.71, 52.838)"
locatiesmetlaatstewaarneming.fid-25e367c2_19f8584639c_-5bd4,IJsselmeer,"Ramspolbrug, Ramsdiep",ramspolbrug.ramsdiep,"Ramspolbrug, Ramsdiep",IJsselmeer,Waterhoogte in Oppervlaktewater t.o.v. Normaal Amsterdams Peil in cm,2025-11-27T00:50:00Z,"c(5.841944, 52.612666)"
locatiesmetlaatstewaarneming.fid-25e367c2_19f8584639c_-5bd3,IJsselmeer,"Kadoelen, Zwanediep",kadoelen.zwanediep,"Kadoelen, Zwanediep",IJsselmeer,Waterhoogte in Oppervlaktewater t.o.v. Normaal Amsterdams Peil in cm,2025-11-27T00:50:00Z,"c(5.981641, 52.658243)"
locatiesmetlaatstewaarneming.fid-25e367c2_19f8584639c_-5b9a,IJsselmeer,"Ketelhaven, Ketelmeer",ketelhaven.ketelmeer,voorheen Ketelmond,IJsselmeer,Waterhoogte in Oppervlaktewater t.o.v. Normaal Amsterdams Peil in cm,2025-11-27T00:50:00Z,"c(5.7627, 52.5825)"
locatiesmetlaatstewaarneming.fid-25e367c2_19f8584639c_-5b93,IJsselmeer,"Swifterbant, Ketelmeer",swifterbant.ketelmeer,"voorheen Ketelmeer, west",IJsselmeer,Waterhoogte in Oppervlaktewater t.o.v. Normaal Amsterdams Peil in cm,2025-11-27T00:50:00Z,"c(5.6455, 52.6055)"
locatiesmetlaatstewaarneming.fid-25e367c2_19f8584639c_-5b46,IJsselmeer,"Krabbersgat, IJsselmeer",krabbersgat.ijsselmeer,"voorheen, noord",IJsselmeer,Waterhoogte in Oppervlaktewater t.o.v. Normaal Amsterdams Peil in cm,2025-11-27T00:50:00Z,"c(5.284, 52.694)"
locatiesmetlaatstewaarneming.fid-25e367c2_19f8584639c_-5ae5,IJsselmeer,"Rotterdamse Hoek, meetpaal FL2",rotterdamsehoek.meetpaalfl2,"Rotterdamse Hoek, meetpaal FL2",IJsselmeer,Waterhoogte in Oppervlaktewater t.o.v. Normaal Amsterdams Peil in cm,2025-11-27T00:50:00Z,"c(5.550114, 52.748229)"
locatiesmetlaatstewaarneming.fid-25e367c2_19f8584639c_-5a7f,IJsselmeer,"Kornwerderzand, IJsselmeer binnenhaven",kornwerderzand.ijsselmeer.binnenhaven,"Kornwerderzand, IJsselmeer binnenhaven",IJsselmeer,Waterhoogte in Oppervlaktewater t.o.v. Normaal Amsterdams Peil in cm,2026-07-21T18:20:00Z,"c(5.337321, 53.06835)"
locatiesmetlaatstewaarneming.fid-25e367c2_19f8584639c_-5a58,IJsselmeer,"Swifterbant, Ketelmeer",swifterbant.ketelmeer,"voorheen Ketelmeer, west",IJsselmeer,Waterhoogte in Oppervlaktewater t.o.v. Normaal Amsterdams Peil in cm,2026-07-21T18:20:00Z,"c(5.6455, 52.6055)"
locatiesmetlaatstewaarneming.fid-25e367c2_19f8584639c_-5931,IJsselmeer,Ramspolkering Ketelmeerzijde,ramspolkering.ketelmeer,0,IJsselmeer,Waterhoogte in Oppervlaktewater t.o.v. plaatselijk referentievlak in cm,2025-11-26T23:20:00Z,"c(5.84081401, 52.610468)"
locatiesmetlaatstewaarneming.fid-25e367c2_19f8584639c_-5c6d,Julianakanaal,Echt,echt.kanaal,JK 29.59,Julianakanaal,Waterhoogte in Oppervlaktewater t.o.v. Normaal Amsterdams Peil in cm,2026-07-21T18:20:00Z,"c(5.849302, 51.106626)"
locatiesmetlaatstewaarneming.fid-25e367c2_19f8584639c_-5c59,Julianakanaal,"Bunde, kanaal",bunde.kanaal,"Bunde, kanaal",Julianakanaal,Waterhoogte in Oppervlaktewater t.o.v. Normaal Amsterdams Peil in cm,2026-07-21T18:20:00Z,"c(5.7247, 50.906308)"
locatiesmetlaatstewaarneming.fid-25e367c2_19f8584639c_-5c01,Julianakanaal,"Maastricht, Borgharen, Julianakanaal",maastricht.borgharen.julianakanaal,"Maastricht, Borgharen, Julianakanaal",Julianakanaal,Waterhoogte in Oppervlaktewater t.o.v. Normaal Amsterdams Peil in cm,2026-07-21T18:20:00Z,"c(5.6995, 50.869)"
locatiesmetlaatstewaarneming.fid-25e367c2_19f8584639c_-5be9,Julianakanaal,Echt,echt.kanaal,JK 29.59,Julianakanaal,Waterhoogte in Oppervlaktewater t.o.v. Normaal Amsterdams Peil in cm,2025-11-27T00:50:00Z,"c(5.849302, 51.106626)"
locatiesmetlaatstewaarneming.fid-25e367c2_19f8584639c_-5be8,Julianakanaal,"Bunde, kanaal",bunde.kanaal,"Bunde, kanaal",Julianakanaal,Waterhoogte in Oppervlaktewater t.o.v. Normaal Amsterdams Peil in cm,2025-11-27T00:50:00Z,"c(5.7247, 50.906308)"
locatiesmetlaatstewaarneming.fid-25e367c2_19f8584639c_-5be6,Julianakanaal,"Maastricht, Borgharen, Julianakanaal",maastricht.borgharen.julianakanaal,"Maastricht, Borgharen, Julianakanaal",Julianakanaal,Waterhoogte in Oppervlaktewater t.o.v. Normaal Amsterdams Peil in cm,2025-11-27T00:50:00Z,"c(5.6995, 50.869)"
locatiesmetlaatstewaarneming.fid-25e367c2_19f8584639c_-5cf5,Nieuwe Maas,Parksluis,parksluis,Parksluis,Nieuwe Maas,Waterhoogte in Oppervlaktewater t.o.v. Normaal Amsterdams Peil in cm,2026-07-21T18:20:00Z,"c(4.464452, 51.906535)"
locatiesmetlaatstewaarneming.fid-25e367c2_19f8584639c_-5c8a,Nieuwe Maas,Rotterdam IJzerwerkerkade,rotterdam.ijzerwerkerkade,Radarpost 23,Nieuwe Maas,Waterhoogte in Oppervlaktewater t.o.v. Normaal Amsterdams Peil in cm,2026-07-21T18:20:00Z,"c(4.51838, 51.89947)"
locatiesmetlaatstewaarneming.fid-25e367c2_19f8584639c_-5c7a,Nieuwe Maas,Vlaardingen,vlaardingen,Vlaardingen,Nieuwe Maas,Waterhoogte in Oppervlaktewater t.o.v. Normaal Amsterdams Peil in cm,2026-07-21T18:20:00Z,"c(4.349048, 51.899639)"
locatiesmetlaatstewaarneming.fid-25e367c2_19f8584639c_-5c3e,Nieuwe Maas,"Rotterdam, Nieuwe Maas, Boerengat",rotterdam.nieuwemaas.boerengat,"Rotterdam, Nieuwe Maas, Boerengat",Nieuwe Maas,Waterhoogte in Oppervlaktewater t.o.v. Normaal Amsterdams Peil in cm,2026-07-21T18:20:00Z,"c(4.5003, 51.9184)"
locatiesmetlaatstewaarneming.fid-25e367c2_19f8584639c_-5bca,Nieuwe Maas,"Rotterdam, Nieuwe Maas, Boerengat",rotterdam.nieuwemaas.boerengat,"Rotterdam, Nieuwe Maas, Boerengat",Nieuwe Maas,Waterhoogte in Oppervlaktewater t.o.v. Normaal Amsterdams Peil in cm,2025-11-27T00:50:00Z,"c(4.5003, 51.9184)"
locatiesmetlaatstewaarneming.fid-25e367c2_19f8584639c_-5bc6,Nieuwe Maas,Vlaardingen,vlaardingen,Vlaardingen,Nieuwe Maas,Waterhoogte in Oppervlaktewater t.o.v. Normaal Amsterdams Peil in cm,2025-11-27T00:50:00Z,"c(4.349048, 51.899639)"
locatiesmetlaatstewaarneming.fid-25e367c2_19f8584639c_-5ba2,Nieuwe Maas,Parksluis,parksluis,Parksluis,Nieuwe Maas,Waterhoogte in Oppervlaktewater t.o.v. Normaal Amsterdams Peil in cm,2025-11-27T00:50:00Z,"c(4.464452, 51.906535)"
locatiesmetlaatstewaarneming.fid-25e367c2_19f8584639c_-5b5c,Nieuwe Maas,"Rotterdam, Nieuwe Maas, Boerengat",rotterdam.nieuwemaas.boerengat,"Rotterdam, Nieuwe Maas, Boerengat",Nieuwe Maas,Waterhoogte in Oppervlaktewater t.o.v. Normaal Amsterdams Peil in cm,2025-01-01T00:51:00Z,"c(4.5003, 51.9184)"
locatiesmetlaatstewaarneming.fid-25e367c2_19f8584639c_-5b5b,Nieuwe Maas,Parksluis,parksluis,Parksluis,Nieuwe Maas,Waterhoogte in Oppervlaktewater t.o.v. Normaal Amsterdams Peil in cm,2025-01-01T00:25:00Z,"c(4.464452, 51.906535)"
locatiesmetlaatstewaarneming.fid-25e367c2_19f8584639c_-5b57,Nieuwe Maas,Vlaardingen,vlaardingen,Vlaardingen,Nieuwe Maas,Waterhoogte in Oppervlaktewater t.o.v. Normaal Amsterdams Peil in cm,2025-01-01T00:31:00Z,"c(4.349048, 51.899639)"
locatiesmetlaatstewaarneming.fid-25e367c2_19f8584639c_-5b56,Nieuwe Maas,"Rotterdam, Nieuwe Maas, Boerengat",rotterdam.nieuwemaas.boerengat,"Rotterdam, Nieuwe Maas, Boerengat",Nieuwe Maas,Waterhoogte in Oppervlaktewater t.o.v. Normaal Amsterdams Peil in cm,2025-10-01T10:28:00Z,"c(4.5003, 51.9184)"
locatiesmetlaatstewaarneming.fid-25e367c2_19f8584639c_-5ae6,Nieuwe Maas,Rotterdam Kuip,rotterdam.kuip,Rotterdam Kuip,Nieuwe Maas,Waterhoogte in Oppervlaktewater t.o.v. Normaal Amsterdams Peil in cm,2025-11-27T00:50:00Z,"c(4.518375, 51.899467)"
locatiesmetlaatstewaarneming.fid-25e367c2_19f8584639c_-5d08,Nieuwe Waterweg,Maasvlakte Europahaven,maasvlakte.europahaven,Maasvlakte Europahaven,Nieuwe Waterweg,Waterhoogte in Oppervlaktewater t.o.v. Normaal Amsterdams Peil in cm,2026-07-21T18:20:00Z,"c(4.029139, 51.962167)"
locatiesmetlaatstewaarneming.fid-25e367c2_19f8584639c_-5ce8,Nieuwe Waterweg,"Rozenburgsesluis, zuidzijde",rozenburgsesluis.zuidzijde,"Rozenburgsesluis, zuidzijde",Nieuwe Waterweg,Waterhoogte in Oppervlaktewater t.o.v. Normaal Amsterdams Peil in cm,2026-07-21T18:20:00Z,"c(4.229823, 51.891244)"
locatiesmetlaatstewaarneming.fid-25e367c2_19f8584639c_-5cca,Nieuwe Waterweg,"Maasvlakte, Hartelhaven",maasvlakte.hartelhaven,"Maasvlakte, Hartelhaven",Nieuwe Waterweg,Waterhoogte in Oppervlaktewater t.o.v. Normaal Amsterdams Peil in cm,2026-07-21T18:20:00Z,"c(4.042464, 51.929692)"
locatiesmetlaatstewaarneming.fid-25e367c2_19f8584639c_-5c77,Nieuwe Waterweg,"Suurhofbrug, noordzijde",suurhofbrug.noordzijde,"Suurhofbrug, noordzijde",Nieuwe Waterweg,Waterhoogte in Oppervlaktewater t.o.v. Normaal Amsterdams Peil in cm,2026-07-21T18:20:00Z,"c(4.107234, 51.937687)"
locatiesmetlaatstewaarneming.fid-25e367c2_19f8584639c_-5c22,Nieuwe Waterweg,Hoek van Holland,hoekvanholland,rechter oever kilometer 1030.1,Nieuwe Waterweg,Waterhoogte in Oppervlaktewater t.o.v. Normaal Amsterdams Peil in cm,2026-07-21T18:20:00Z,"c(4.119827, 51.976899)"
locatiesmetlaatstewaarneming.fid-25e367c2_19f8584639c_-5c11,Nieuwe Waterweg,"Europoort, Harmsenbrug",europoort.harmsenbrug,"Europoort, Harmsenbrug",Nieuwe Waterweg,Waterhoogte in Oppervlaktewater t.o.v. Normaal Amsterdams Peil in cm,2026-07-21T18:20:00Z,"c(4.210879, 51.901771)"
locatiesmetlaatstewaarneming.fid-25e367c2_19f8584639c_-5c0d,Nieuwe Waterweg,Botlek Geulhaven,botlek.geulhaven,Radarpost 10,Nieuwe Waterweg,Waterhoogte in Oppervlaktewater t.o.v. Normaal Amsterdams Peil in cm,2026-07-21T18:20:00Z,"c(4.312531, 51.891814)"
locatiesmetlaatstewaarneming.fid-25e367c2_19f8584639c_-5bfc,Nieuwe Waterweg,"Europoort, Hartelbrug",europoort.hartelbrug,"Europoort, Hartelbrug",Nieuwe Waterweg,Waterhoogte in Oppervlaktewater t.o.v. Normaal Amsterdams Peil in cm,2026-07-21T18:20:00Z,"c(4.307781, 51.86635)"
locatiesmetlaatstewaarneming.fid-25e367c2_19f8584639c_-5bcf,Nieuwe Waterweg,Hoek van Holland,hoekvanholland,rechter oever kilometer 1030.1,Nieuwe Waterweg,Waterhoogte in Oppervlaktewater t.o.v. Normaal Amsterdams Peil in cm,2026-01-01T23:50:00Z,"c(4.119827, 51.976899)"
locatiesmetlaatstewaarneming.fid-25e367c2_19f8584639c_-5ba4,Nieuwe Waterweg,"Europoort, Harmsenbrug",europoort.harmsenbrug,"Europoort, Harmsenbrug",Nieuwe Waterweg,Waterhoogte in Oppervlaktewater t.o.v. Normaal Amsterdams Peil in cm,2025-11-27T00:50:00Z,"c(4.210879, 51.901771)"
locatiesmetlaatstewaarneming.fid-25e367c2_19f8584639c_-5ba1,Nieuwe Waterweg,"Suurhofbrug, noordzijde",suurhofbrug.noordzijde,"Suurhofbrug, noordzijde",Nieuwe Waterweg,Waterhoogte in Oppervlaktewater t.o.v. Normaal Amsterdams Peil in cm,2025-11-27T00:50:00Z,"c(4.107234, 51.937687)"
locatiesmetlaatstewaarneming.fid-25e367c2_19f8584639c_-5ba0,Nieuwe Waterweg,"Europoort, Hartelbrug",europoort.hartelbrug,"Europoort, Hartelbrug",Nieuwe Waterweg,Waterhoogte in Oppervlaktewater t.o.v. Normaal Amsterdams Peil in cm,2025-11-27T00:50:00Z,"c(4.307781, 51.86635)"
locatiesmetlaatstewaarneming.fid-25e367c2_19f8584639c_-5b91,Nieuwe Waterweg,"Rozenburgsesluis, zuidzijde",rozenburgsesluis.zuidzijde,"Rozenburgsesluis, zuidzijde",Nieuwe Waterweg,Waterhoogte in Oppervlaktewater t.o.v. Normaal Amsterdams Peil in cm,2025-11-27T00:50:00Z,"c(4.229823, 51.891244)"
locatiesmetlaatstewaarneming.fid-25e367c2_19f8584639c_-5b90,Nieuwe Waterweg,Europahaven,europahaven,Europahaven,Nieuwe Waterweg,Waterhoogte in Oppervlaktewater t.o.v. Normaal Amsterdams Peil in cm,2025-11-27T00:50:00Z,"c(4.029151, 51.962179)"
locatiesmetlaatstewaarneming.fid-25e367c2_19f8584639c_-5b8f,Nieuwe Waterweg,"Maasvlakte, Hartelhaven",maasvlakte.hartelhaven,"Maasvlakte, Hartelhaven",Nieuwe Waterweg,Waterhoogte in Oppervlaktewater t.o.v. Normaal Amsterdams Peil in cm,2025-11-27T00:50:00Z,"c(4.042464, 51.929692)"
locatiesmetlaatstewaarneming.fid-25e367c2_19f8584639c_-5b8d,Nieuwe Waterweg,Botlek Geulhaven,botlek.geulhaven,Radarpost 10,Nieuwe Waterweg,Waterhoogte in Oppervlaktewater t.o.v. Normaal Amsterdams Peil in cm,2025-11-27T00:50:00Z,"c(4.312531, 51.891814)"
locatiesmetlaatstewaarneming.fid-25e367c2_19f8584639c_-5b7e,Nieuwe Waterweg,"Hoek van Holland, Maeslantkering, Beneden, noord",hoekvanholland.maeslantkering.beneden.noord,zeezijde,Nieuwe Waterweg,Waterhoogte in Oppervlaktewater t.o.v. Normaal Amsterdams Peil in cm,2025-11-27T00:50:00Z,"c(4.161443, 51.958239)"
locatiesmetlaatstewaarneming.fid-25e367c2_19f8584639c_-5b7c,Nieuwe Waterweg,"Hoek van Holland, Maeslantkering, Beneden, noord",hoekvanholland.maeslantkering.beneden.noord,zeezijde,Nieuwe Waterweg,Waterhoogte in Oppervlaktewater t.o.v. Normaal Amsterdams Peil in cm,2025-01-01T23:50:00Z,"c(4.161443, 51.958239)"
locatiesmetlaatstewaarneming.fid-25e367c2_19f8584639c_-5b72,Nieuwe Waterweg,"Rozenburgsesluis, zuidzijde",rozenburgsesluis.zuidzijde,"Rozenburgsesluis, zuidzijde",Nieuwe Waterweg,Waterhoogte in Oppervlaktewater t.o.v. Normaal Amsterdams Peil in cm,2025-01-01T00:10:00Z,"c(4.229823, 51.891244)"
locatiesmetlaatstewaarneming.fid-25e367c2_19f8584639c_-5b54,Nieuwe Waterweg,"Europoort, Hartelbrug",europoort.hartelbrug,"Europoort, Hartelbrug",Nieuwe Waterweg,Waterhoogte in Oppervlaktewater t.o.v. Normaal Amsterdams Peil in cm,2025-01-01T00:17:00Z,"c(4.307781, 51.86635)"
locatiesmetlaatstewaarneming.fid-25e367c2_19f8584639c_-5b52,Nieuwe Waterweg,Botlek Geulhaven,botlek.geulhaven,Radarpost 10,Nieuwe Waterweg,Waterhoogte in Oppervlaktewater t.o.v. Normaal Amsterdams Peil in cm,2025-01-01T00:10:00Z,"c(4.312531, 51.891814)"
locatiesmetlaatstewaarneming.fid-25e367c2_19f8584639c_-5aad,Nieuwe Waterweg,"Hoek van Holland, Maeslantkering, Beneden, noord",hoekvanholland.maeslantkering.beneden.noord,zeezijde,Nieuwe Waterweg,Waterhoogte in Oppervlaktewater t.o.v. Normaal Amsterdams Peil in cm,2025-11-27T01:00:00Z,"c(4.161443, 51.958239)"
locatiesmetlaatstewaarneming.fid-25e367c2_19f8584639c_-5a95,Nieuwe Waterweg,Hoek van Holland,hoekvanholland,rechter oever kilometer 1030.1,Nieuwe Waterweg,Waterhoogte in Oppervlaktewater t.o.v. Normaal Amsterdams Peil in cm,2025-10-01T09:25:00Z,"c(4.119827, 51.976899)"
locatiesmetlaatstewaarneming.fid-25e367c2_19f8584639c_-5c96,Kanaal van Gent naar Terneuzen,Sas van Gent,sasvangent,noordzijde brug,Kanaal van Gent naar Terneuzen,Waterhoogte in Oppervlaktewater t.o.v. Normaal Amsterdams Peil in cm,2026-07-21T18:20:00Z,"c(3.807499, 51.230267)"
locatiesmetlaatstewaarneming.fid-25e367c2_19f8584639c_-5c57,Kanaal van Gent naar Terneuzen,"Terneuzen, Sluiskilbrug",terneuzen.sluiskilbrug,"Terneuzen, Sluiskilbrug",Kanaal van Gent naar Terneuzen,Waterhoogte in Oppervlaktewater t.o.v. Normaal Amsterdams Peil in cm,2026-07-21T18:20:00Z,"c(3.8354, 51.294)"
locatiesmetlaatstewaarneming.fid-25e367c2_19f8584639c_-5ad1,Kanaal van Gent naar Terneuzen,"Terneuzen, Sluiskilbrug",terneuzen.sluiskilbrug,"Terneuzen, Sluiskilbrug",Kanaal van Gent naar Terneuzen,Waterhoogte in Oppervlaktewater t.o.v. Normaal Amsterdams Peil in cm,2026-04-01T00:50:00Z,"c(3.8354, 51.294)"
locatiesmetlaatstewaarneming.fid-25e367c2_19f8584639c_-5ac2,Kanaal van Gent naar Terneuzen,Sas van Gent,sasvangent,noordzijde brug,Kanaal van Gent naar Terneuzen,Waterhoogte in Oppervlaktewater t.o.v. Normaal Amsterdams Peil in cm,2026-04-01T00:50:00Z,"c(3.807499, 51.230267)"
locatiesmetlaatstewaarneming.fid-25e367c2_19f8584639c_-5bf2,Kanaal van St. Andries,"Sint Andries, Waal",sintandries.waal,"Sint Andries, Waal",Kanaal van St. Andries,Waterhoogte in Oppervlaktewater t.o.v. Normaal Amsterdams Peil in cm,2025-01-31T08:00:00Z,"c(5.357049, 51.798608)"
locatiesmetlaatstewaarneming.fid-25e367c2_19f8584639c_-5b84,Kanaal van St. Andries,"Sint Andries, Waal",sintandries.waal,"Sint Andries, Waal",Kanaal van St. Andries,Waterhoogte in Oppervlaktewater t.o.v. Normaal Amsterdams Peil in cm,2025-02-28T08:00:00Z,"c(5.357049, 51.798608)"
locatiesmetlaatstewaarneming.fid-25e367c2_19f8584639c_-5cdd,Kanaal Wessem-Nederweert,Panheel boven,panheel.sluis.boven,"km 3,25",Kanaal Wessem-Nederweert,Waterhoogte in Oppervlaktewater t.o.v. Normaal Amsterdams Peil in cm,2026-07-21T18:20:00Z,"c(5.856013, 51.176126)"
locatiesmetlaatstewaarneming.fid-25e367c2_19f8584639c_-5b40,Kanaal Wessem-Nederweert,Panheel boven,panheel.sluis.boven,"km 3,25",Kanaal Wessem-Nederweert,Waterhoogte in Oppervlaktewater t.o.v. Normaal Amsterdams Peil in cm,2025-11-27T00:50:00Z,"c(5.856013, 51.176126)"
locatiesmetlaatstewaarneming.fid-25e367c2_19f8584639c_-5c58,Lateraal kanaal,Heel boven,heel.kanaal,"km 67,34",Lateraal kanaal,Waterhoogte in Oppervlaktewater t.o.v. Normaal Amsterdams Peil in cm,2026-07-21T18:20:00Z,"c(5.918, 51.1743)"
locatiesmetlaatstewaarneming.fid-25e367c2_19f8584639c_-5c4f,Lateraal kanaal,Heel beneden,heel.maas,"km 85,08",Lateraal kanaal,Waterhoogte in Oppervlaktewater t.o.v. Normaal Amsterdams Peil in cm,2026-07-21T18:20:00Z,"c(5.9195, 51.1765)"
locatiesmetlaatstewaarneming.fid-25e367c2_19f8584639c_-5be7,Lateraal kanaal,Heel boven,heel.kanaal,"km 67,34",Lateraal kanaal,Waterhoogte in Oppervlaktewater t.o.v. Normaal Amsterdams Peil in cm,2025-11-27T00:50:00Z,"c(5.918, 51.1743)"
locatiesmetlaatstewaarneming.fid-25e367c2_19f8584639c_-5b28,Lateraal kanaal,Heel beneden,heel.maas,"km 85,08",Lateraal kanaal,Waterhoogte in Oppervlaktewater t.o.v. Normaal Amsterdams Peil in cm,2025-11-27T00:50:00Z,"c(5.9195, 51.1765)"
locatiesmetlaatstewaarneming.fid-25e367c2_19f8584639c_-5c66,Noordervaart,Nederweert-Eind,nederweerteind.noordervaart,Nederweert-Eind,Noordervaart,Waterhoogte in Oppervlaktewater t.o.v. Normaal Amsterdams Peil in cm,2026-07-21T17:40:00Z,"c(5.77045, 51.28051)"
locatiesmetlaatstewaarneming.fid-25e367c2_19f8584639c_-5d01,Noordzee,Brouwersdam Brouwershavense Gat 2,brouwersdam.brouwershavensegat.2,Brouwersdam Brouwershavense Gat 2,Noordzee,Waterhoogte in Oppervlaktewater t.o.v. Normaal Amsterdams Peil in cm,2026-07-21T18:20:00Z,"c(3.621747, 51.766527)"
locatiesmetlaatstewaarneming.fid-25e367c2_19f8584639c_-5ce2,Noordzee,"Goeree, lichteiland",goeree.lichteiland,"Goeree, lichteiland",Noordzee,Waterhoogte in Oppervlaktewater t.o.v. Normaal Amsterdams Peil in cm,2026-07-21T18:20:00Z,"c(3.668416, 51.925034)"
locatiesmetlaatstewaarneming.fid-25e367c2_19f8584639c_-5cbf,Noordzee,Maasvlakte Amaliahaven,maasvlakte.amaliahaven,Maasvlakte Amaliahaven,Noordzee,Waterhoogte in Oppervlaktewater t.o.v. Normaal Amsterdams Peil in cm,2026-07-21T18:20:00Z,"c(3.99496, 51.96219)"
locatiesmetlaatstewaarneming.fid-25e367c2_19f8584639c_-5cb2,Noordzee,"Oosterschelde, 14",oosterschelde.14,"Oosterschelde, 14",Noordzee,Waterhoogte in Oppervlaktewater t.o.v. Normaal Amsterdams Peil in cm,2026-07-21T18:20:00Z,"c(3.676908, 51.720117)"
locatiesmetlaatstewaarneming.fid-25e367c2_19f8584639c_-5cb0,Noordzee,"Cadzand, 1",cadzand.1,voorheen punt 02,Noordzee,Waterhoogte in Oppervlaktewater t.o.v. Normaal Amsterdams Peil in cm,2026-07-21T18:20:00Z,"c(3.368697, 51.390145)"
locatiesmetlaatstewaarneming.fid-25e367c2_19f8584639c_-5ca5,Noordzee,"Texel, Noordzee",texel.noordzee,"Texel, Noordzee",Noordzee,Waterhoogte in Oppervlaktewater t.o.v. Normaal Amsterdams Peil in cm,2026-07-21T18:20:00Z,"c(4.733193, 53.120612)"
locatiesmetlaatstewaarneming.fid-25e367c2_19f8584639c_-5c9d,Noordzee,"IJGeul, 1",ijgeul.1,voorheen IJmuiden stroommeetpaal,Noordzee,Waterhoogte in Oppervlaktewater t.o.v. Normaal Amsterdams Peil in cm,2026-07-21T18:20:00Z,"c(4.517596, 52.463943)"
locatiesmetlaatstewaarneming.fid-25e367c2_19f8584639c_-5c9b,Noordzee,"Oosterschelde, 4",oosterschelde.4,voorheen Schaar,Noordzee,Waterhoogte in Oppervlaktewater t.o.v. Normaal Amsterdams Peil in cm,2026-07-21T18:20:00Z,"c(3.69342, 51.65514)"
locatiesmetlaatstewaarneming.fid-25e367c2_19f8584639c_-5c75,Noordzee,"Terschelling, Noordzee",terschelling.noordzee,"Terschelling, Noordzee",Noordzee,Waterhoogte in Oppervlaktewater t.o.v. Normaal Amsterdams Peil in cm,2026-07-21T18:20:00Z,"c(5.333033, 53.442486)"
locatiesmetlaatstewaarneming.fid-25e367c2_19f8584639c_-5c6a,Noordzee,Vlakte van de Raan,vlaktevanderaan,Vlakte van de Raan,Noordzee,Waterhoogte in Oppervlaktewater t.o.v. Normaal Amsterdams Peil in cm,2026-07-21T18:20:00Z,"c(3.242164, 51.503721)"
locatiesmetlaatstewaarneming.fid-25e367c2_19f8584639c_-5c67,Noordzee,"Haringvliet, punt 10",haringvliet.10,"Haringvliet, punt 10",Noordzee,Waterhoogte in Oppervlaktewater t.o.v. Normaal Amsterdams Peil in cm,2026-07-21T18:20:00Z,"c(3.860561, 51.862779)"
locatiesmetlaatstewaarneming.fid-25e367c2_19f8584639c_-5c5f,Noordzee,Brouwershavensche Gat 08,brouwershavensche.gat.08,Brouwershavensche Gat 08,Noordzee,Waterhoogte in Oppervlaktewater t.o.v. Normaal Amsterdams Peil in cm,2026-07-21T18:20:00Z,"c(3.81148391, 51.75075645)"
locatiesmetlaatstewaarneming.fid-25e367c2_19f8584639c_-5c3a,Noordzee,Oosterschelde Roompotsluis buiten,oosterschelde.roompotsluis.buiten,Oosterschelde Roompotsluis buiten,Noordzee,Waterhoogte in Oppervlaktewater t.o.v. Normaal Amsterdams Peil in cm,2026-06-17T12:00:00Z,"c(3.68, 51.619)"
locatiesmetlaatstewaarneming.fid-25e367c2_19f8584639c_-5c32,Noordzee,Scheveningen,scheveningen,Scheveningen,Noordzee,Waterhoogte in Oppervlaktewater t.o.v. Normaal Amsterdams Peil in cm,2026-07-21T18:20:00Z,"c(4.263563, 52.099035)"
locatiesmetlaatstewaarneming.fid-25e367c2_19f8584639c_-5c20,Noordzee,Wierumergronden,wierumergronden,Wierumergronden,Noordzee,Waterhoogte in Oppervlaktewater t.o.v. Normaal Amsterdams Peil in cm,2026-07-21T18:20:00Z,"c(5.958261, 53.515827)"
locatiesmetlaatstewaarneming.fid-25e367c2_19f8584639c_-5bf3,Noordzee,"Oosterschelde, 11",oosterschelde.11,"Oosterschelde, 11",Noordzee,Waterhoogte in Oppervlaktewater t.o.v. Normaal Amsterdams Peil in cm,2026-07-21T18:20:00Z,"c(3.480331, 51.64329)"
locatiesmetlaatstewaarneming.fid-25e367c2_19f8584639c_-5bf1,Noordzee,Brouwersdam Brouwershavense Gat 8,brouwersdam.brouwershavensegat.8,Brouwersdam Brouwershavense Gat 8,Noordzee,Waterhoogte in Oppervlaktewater t.o.v. Normaal Amsterdams Peil in cm,2026-01-01T23:50:00Z,"c(3.81472, 51.74644)"
locatiesmetlaatstewaarneming.fid-25e367c2_19f8584639c_-5be2,Noordzee,Oosterschelde Roompotsluis buiten,oosterschelde.roompotsluis.buiten,Oosterschelde Roompotsluis buiten,Noordzee,Waterhoogte in Oppervlaktewater t.o.v. Normaal Amsterdams Peil in cm,2026-01-01T23:50:00Z,"c(3.68, 51.619)"
locatiesmetlaatstewaarneming.fid-25e367c2_19f8584639c_-5bda,Noordzee,"Haringvliet, punt 10",haringvliet.10,"Haringvliet, punt 10",Noordzee,Waterhoogte in Oppervlaktewater t.o.v. Normaal Amsterdams Peil in cm,2026-01-01T23:50:00Z,"c(3.860561, 51.862779)"
locatiesmetlaatstewaarneming.fid-25e367c2_19f8584639c_-5bce,Noordzee,Wierumergronden,wierumergronden,Wierumergronden,Noordzee,Waterhoogte in Oppervlaktewater t.o.v. Normaal Amsterdams Peil in cm,2025-11-27T00:50:00Z,"c(5.958261, 53.515827)"
locatiesmetlaatstewaarneming.fid-25e367c2_19f8584639c_-5bc9,Noordzee,"Terschelling, Noordzee",terschelling.noordzee,"Terschelling, Noordzee",Noordzee,Waterhoogte in Oppervlaktewater t.o.v. Normaal Amsterdams Peil in cm,2025-11-27T00:50:00Z,"c(5.333033, 53.442486)"
locatiesmetlaatstewaarneming.fid-25e367c2_19f8584639c_-5bc5,Noordzee,Scheveningen,scheveningen,Scheveningen,Noordzee,Waterhoogte in Oppervlaktewater t.o.v. Normaal Amsterdams Peil in cm,2025-11-27T00:50:00Z,"c(4.263563, 52.099035)"
locatiesmetlaatstewaarneming.fid-25e367c2_19f8584639c_-5bbd,Noordzee,"Texel, Noordzee",texel.noordzee,"Texel, Noordzee",Noordzee,Waterhoogte in Oppervlaktewater t.o.v. Normaal Amsterdams Peil in cm,2025-11-27T00:50:00Z,"c(4.733193, 53.120612)"
locatiesmetlaatstewaarneming.fid-25e367c2_19f8584639c_-5ba5,Noordzee,"Oosterschelde, 14",oosterschelde.14,"Oosterschelde, 14",Noordzee,Waterhoogte in Oppervlaktewater t.o.v. Normaal Amsterdams Peil in cm,2025-01-01T23:50:00Z,"c(3.676908, 51.720117)"
locatiesmetlaatstewaarneming.fid-25e367c2_19f8584639c_-5b83,Noordzee,"IJGeul, 1",ijgeul.1,voorheen IJmuiden stroommeetpaal,Noordzee,Waterhoogte in Oppervlaktewater t.o.v. Normaal Amsterdams Peil in cm,2025-01-01T23:50:00Z,"c(4.517596, 52.463943)"
locatiesmetlaatstewaarneming.fid-25e367c2_19f8584639c_-5b80,Noordzee,Brouwersdam Brouwershavense Gat 2,brouwersdam.brouwershavensegat.2,Brouwersdam Brouwershavense Gat 2,Noordzee,Waterhoogte in Oppervlaktewater t.o.v. Normaal Amsterdams Peil in cm,2025-01-01T23:50:00Z,"c(3.621747, 51.766527)"
locatiesmetlaatstewaarneming.fid-25e367c2_19f8584639c_-5b7f,Noordzee,"Oosterschelde, 4",oosterschelde.4,voorheen Schaar,Noordzee,Waterhoogte in Oppervlaktewater t.o.v. Normaal Amsterdams Peil in cm,2025-01-01T23:50:00Z,"c(3.69342, 51.65514)"
locatiesmetlaatstewaarneming.fid-25e367c2_19f8584639c_-5b7d,Noordzee,"Oosterschelde, 11",oosterschelde.11,"Oosterschelde, 11",Noordzee,Waterhoogte in Oppervlaktewater t.o.v. Normaal Amsterdams Peil in cm,2025-01-01T23:50:00Z,"c(3.480331, 51.64329)"
locatiesmetlaatstewaarneming.fid-25e367c2_19f8584639c_-5b7b,Noordzee,"IJGeul, 1",ijgeul.1,voorheen IJmuiden stroommeetpaal,Noordzee,Waterhoogte in Oppervlaktewater t.o.v. Normaal Amsterdams Peil in cm,2025-11-27T00:50:00Z,"c(4.517596, 52.463943)"
locatiesmetlaatstewaarneming.fid-25e367c2_19f8584639c_-5b74,Noordzee,Brouwersdam Brouwershavense Gat 2,brouwersdam.brouwershavensegat.2,Brouwersdam Brouwershavense Gat 2,Noordzee,Waterhoogte in Oppervlaktewater t.o.v. Normaal Amsterdams Peil in cm,2025-10-01T08:40:00Z,"c(3.621747, 51.766527)"
locatiesmetlaatstewaarneming.fid-25e367c2_19f8584639c_-5b6c,Noordzee,"Texel, Noordzee",texel.noordzee,"Texel, Noordzee",Noordzee,Waterhoogte in Oppervlaktewater t.o.v. Normaal Amsterdams Peil in cm,2025-01-01T02:13:00Z,"c(4.733193, 53.120612)"
locatiesmetlaatstewaarneming.fid-25e367c2_19f8584639c_-5b6b,Noordzee,"Oosterschelde, 11",oosterschelde.11,"Oosterschelde, 11",Noordzee,Waterhoogte in Oppervlaktewater t.o.v. Normaal Amsterdams Peil in cm,2025-10-01T08:30:00Z,"c(3.480331, 51.64329)"
locatiesmetlaatstewaarneming.fid-25e367c2_19f8584639c_-5b67,Noordzee,"Haringvliet, punt 10",haringvliet.10,"Haringvliet, punt 10",Noordzee,Waterhoogte in Oppervlaktewater t.o.v. Normaal Amsterdams Peil in cm,2025-01-01T02:43:00Z,"c(3.860561, 51.862779)"
locatiesmetlaatstewaarneming.fid-25e367c2_19f8584639c_-5b65,Noordzee,Brouwersdam Brouwershavense Gat 8,brouwersdam.brouwershavensegat.8,Brouwersdam Brouwershavense Gat 8,Noordzee,Waterhoogte in Oppervlaktewater t.o.v. Normaal Amsterdams Peil in cm,2025-01-01T02:23:00Z,"c(3.81472, 51.74644)"
locatiesmetlaatstewaarneming.fid-25e367c2_19f8584639c_-5b60,Noordzee,Oosterschelde Roompotsluis buiten,oosterschelde.roompotsluis.buiten,Oosterschelde Roompotsluis buiten,Noordzee,Waterhoogte in Oppervlaktewater t.o.v. Normaal Amsterdams Peil in cm,2025-01-01T02:36:00Z,"c(3.68, 51.619)"
locatiesmetlaatstewaarneming.fid-25e367c2_19f8584639c_-5b51,Noordzee,Vlakte van de Raan,vlaktevanderaan,Vlakte van de Raan,Noordzee,Waterhoogte in Oppervlaktewater t.o.v. Normaal Amsterdams Peil in cm,2025-01-01T02:01:00Z,"c(3.242164, 51.503721)"
locatiesmetlaatstewaarneming.fid-25e367c2_19f8584639c_-5aef,Noordzee,Maasvlakte Amaliahaven,maasvlakte.amaliahaven,Maasvlakte Amaliahaven,Noordzee,Waterhoogte in Oppervlaktewater t.o.v. Normaal Amsterdams Peil in cm,2025-11-27T00:50:00Z,"c(3.99496, 51.96219)"
locatiesmetlaatstewaarneming.fid-25e367c2_19f8584639c_-5ae7,Noordzee,"Oosterschelde, 11",oosterschelde.11,"Oosterschelde, 11",Noordzee,Waterhoogte in Oppervlaktewater t.o.v. Normaal Amsterdams Peil in cm,2026-04-01T00:50:00Z,"c(3.480331, 51.64329)"
locatiesmetlaatstewaarneming.fid-25e367c2_19f8584639c_-5acc,Noordzee,"Oosterschelde, 14",oosterschelde.14,"Oosterschelde, 14",Noordzee,Waterhoogte in Oppervlaktewater t.o.v. Normaal Amsterdams Peil in cm,2025-10-01T00:50:00Z,"c(3.676908, 51.720117)"
locatiesmetlaatstewaarneming.fid-25e367c2_19f8584639c_-5ac7,Noordzee,"Oosterschelde, 4",oosterschelde.4,voorheen Schaar,Noordzee,Waterhoogte in Oppervlaktewater t.o.v. Normaal Amsterdams Peil in cm,2026-04-01T00:50:00Z,"c(3.69342, 51.65514)"
locatiesmetlaatstewaarneming.fid-25e367c2_19f8584639c_-5abd,Noordzee,Hollandse Kust Zuid platform Alpha,hollandsekust.zuid.alpha,Hollandse Kust Zuid platform Alpha,Noordzee,Waterhoogte in Oppervlaktewater t.o.v. Normaal Amsterdams Peil in cm,2025-10-01T02:00:00Z,"c(4.19569, 52.232547)"
locatiesmetlaatstewaarneming.fid-25e367c2_19f8584639c_-5abc,Noordzee,"Hollandse kust, noord , deelgebied",hollandsekust.noord.deelgebied,"Hollandse kust, noord , deelgebied",Noordzee,Waterhoogte in Oppervlaktewater t.o.v. Normaal Amsterdams Peil in cm,2025-10-01T02:00:00Z,"c(4.602027, 52.754793)"
locatiesmetlaatstewaarneming.fid-25e367c2_19f8584639c_-5aba,Noordzee,Brouwersdam Brouwershavense Gat 2,brouwersdam.brouwershavensegat.2,Brouwersdam Brouwershavense Gat 2,Noordzee,Waterhoogte in Oppervlaktewater t.o.v. Normaal Amsterdams Peil in cm,2025-11-27T00:50:00Z,"c(3.621747, 51.766527)"
locatiesmetlaatstewaarneming.fid-25e367c2_19f8584639c_-5ab7,Noordzee,"Oosterschelde, 11",oosterschelde.11,"Oosterschelde, 11",Noordzee,Waterhoogte in Oppervlaktewater t.o.v. Normaal Amsterdams Peil in cm,2025-11-27T00:50:00Z,"c(3.480331, 51.64329)"
locatiesmetlaatstewaarneming.fid-25e367c2_19f8584639c_-5ab6,Noordzee,"Goeree, lichteiland",goeree.lichteiland,"Goeree, lichteiland",Noordzee,Waterhoogte in Oppervlaktewater t.o.v. Normaal Amsterdams Peil in cm,2025-11-27T00:50:00Z,"c(3.668416, 51.925034)"
locatiesmetlaatstewaarneming.fid-25e367c2_19f8584639c_-5ab5,Noordzee,"Oosterschelde, 4",oosterschelde.4,voorheen Schaar,Noordzee,Waterhoogte in Oppervlaktewater t.o.v. Normaal Amsterdams Peil in cm,2025-11-27T00:50:00Z,"c(3.69342, 51.65514)"
locatiesmetlaatstewaarneming.fid-25e367c2_19f8584639c_-5ab4,Noordzee,"Oosterschelde, 14",oosterschelde.14,"Oosterschelde, 14",Noordzee,Waterhoogte in Oppervlaktewater t.o.v. Normaal Amsterdams Peil in cm,2025-11-27T00:50:00Z,"c(3.676908, 51.720117)"
locatiesmetlaatstewaarneming.fid-25e367c2_19f8584639c_-5aaa,Noordzee,Brouwersdam Brouwershavense Gat 8,brouwersdam.brouwershavensegat.8,Brouwersdam Brouwershavense Gat 8,Noordzee,Waterhoogte in Oppervlaktewater t.o.v. Normaal Amsterdams Peil in cm,2026-04-01T00:50:00Z,"c(3.81472, 51.74644)"
locatiesmetlaatstewaarneming.fid-25e367c2_19f8584639c_-5aa8,Noordzee,Brouwersdam Brouwershavense Gat 2,brouwersdam.brouwershavensegat.2,Brouwersdam Brouwershavense Gat 2,Noordzee,Waterhoogte in Oppervlaktewater t.o.v. Normaal Amsterdams Peil in cm,2026-04-01T00:50:00Z,"c(3.621747, 51.766527)"
locatiesmetlaatstewaarneming.fid-25e367c2_19f8584639c_-5aa5,Noordzee,"Oosterschelde, 14",oosterschelde.14,"Oosterschelde, 14",Noordzee,Waterhoogte in Oppervlaktewater t.o.v. Normaal Amsterdams Peil in cm,2025-01-01T02:22:00Z,"c(3.676908, 51.720117)"
locatiesmetlaatstewaarneming.fid-25e367c2_19f8584639c_-5aa4,Noordzee,"Oosterschelde, 11",oosterschelde.11,"Oosterschelde, 11",Noordzee,Waterhoogte in Oppervlaktewater t.o.v. Normaal Amsterdams Peil in cm,2025-01-01T02:16:00Z,"c(3.480331, 51.64329)"
locatiesmetlaatstewaarneming.fid-25e367c2_19f8584639c_-5a9e,Noordzee,Europlatform,europlatform,Europlatform,Noordzee,Waterhoogte in Oppervlaktewater t.o.v. Normaal Amsterdams Peil in cm,2025-10-01T08:30:00Z,"c(3.275071, 51.99781)"
locatiesmetlaatstewaarneming.fid-25e367c2_19f8584639c_-5a9d,Noordzee,"Haringvliet, punt 10",haringvliet.10,"Haringvliet, punt 10",Noordzee,Waterhoogte in Oppervlaktewater t.o.v. Normaal Amsterdams Peil in cm,2025-10-01T08:50:00Z,"c(3.860561, 51.862779)"
locatiesmetlaatstewaarneming.fid-25e367c2_19f8584639c_-5a9b,Noordzee,Scheveningen,scheveningen,Scheveningen,Noordzee,Waterhoogte in Oppervlaktewater t.o.v. Normaal Amsterdams Peil in cm,2025-10-01T09:35:00Z,"c(4.263563, 52.099035)"
locatiesmetlaatstewaarneming.fid-25e367c2_19f8584639c_-5a9a,Noordzee,"Oosterschelde, 4",oosterschelde.4,voorheen Schaar,Noordzee,Waterhoogte in Oppervlaktewater t.o.v. Normaal Amsterdams Peil in cm,2025-01-01T02:22:00Z,"c(3.69342, 51.65514)"
locatiesmetlaatstewaarneming.fid-25e367c2_19f8584639c_-5a99,Noordzee,K13a platform,k13a,K13a platform,Noordzee,Waterhoogte in Oppervlaktewater t.o.v. Normaal Amsterdams Peil in cm,2025-05-15T09:40:00Z,"c(3.218922, 53.217016)"
locatiesmetlaatstewaarneming.fid-25e367c2_19f8584639c_-5a94,Noordzee,"Terschelling, Noordzee",terschelling.noordzee,"Terschelling, Noordzee",Noordzee,Waterhoogte in Oppervlaktewater t.o.v. Normaal Amsterdams Peil in cm,2025-10-01T08:52:00Z,"c(5.333033, 53.442486)"
locatiesmetlaatstewaarneming.fid-25e367c2_19f8584639c_-5a93,Noordzee,Brouwersdam Brouwershavense Gat 8,brouwersdam.brouwershavensegat.8,Brouwersdam Brouwershavense Gat 8,Noordzee,Waterhoogte in Oppervlaktewater t.o.v. Normaal Amsterdams Peil in cm,2025-10-01T08:50:00Z,"c(3.81472, 51.74644)"
locatiesmetlaatstewaarneming.fid-25e367c2_19f8584639c_-5a92,Noordzee,"Oosterschelde, 4",oosterschelde.4,voorheen Schaar,Noordzee,Waterhoogte in Oppervlaktewater t.o.v. Normaal Amsterdams Peil in cm,2025-10-01T08:50:00Z,"c(3.69342, 51.65514)"
locatiesmetlaatstewaarneming.fid-25e367c2_19f8584639c_-5a91,Noordzee,Vlakte van de Raan,vlaktevanderaan,Vlakte van de Raan,Noordzee,Waterhoogte in Oppervlaktewater t.o.v. Normaal Amsterdams Peil in cm,2025-01-01T02:01:00Z,"c(3.242164, 51.503721)"
locatiesmetlaatstewaarneming.fid-25e367c2_19f8584639c_-5a8e,Noordzee,Oosterschelde Roompotsluis buiten,oosterschelde.roompotsluis.buiten,Oosterschelde Roompotsluis buiten,Noordzee,Waterhoogte in Oppervlaktewater t.o.v. Normaal Amsterdams Peil in cm,2025-08-31T19:50:00Z,"c(3.68, 51.619)"
locatiesmetlaatstewaarneming.fid-25e367c2_19f8584639c_-5a8a,Noordzee,"Goeree, lichteiland",goeree.lichteiland,"Goeree, lichteiland",Noordzee,Waterhoogte in Oppervlaktewater t.o.v. Normaal Amsterdams Peil in cm,2025-01-01T02:34:00Z,"c(3.668416, 51.925034)"
locatiesmetlaatstewaarneming.fid-25e367c2_19f8584639c_-5a85,Noordzee,"Oosterschelde, 14",oosterschelde.14,"Oosterschelde, 14",Noordzee,Waterhoogte in Oppervlaktewater t.o.v. Normaal Amsterdams Peil in cm,2025-10-01T08:45:00Z,"c(3.676908, 51.720117)"
locatiesmetlaatstewaarneming.fid-25e367c2_19f8584639c_-5a83,Noordzee,Brouwersdam Brouwershavense Gat 2,brouwersdam.brouwershavensegat.2,Brouwersdam Brouwershavense Gat 2,Noordzee,Waterhoogte in Oppervlaktewater t.o.v. Normaal Amsterdams Peil in cm,2025-01-01T02:21:00Z,"c(3.621747, 51.766527)"
locatiesmetlaatstewaarneming.fid-25e367c2_19f8584639c_-5a7a,Noordzee,"Oosterschelde, 14",oosterschelde.14,"Oosterschelde, 14",Noordzee,Waterhoogte in Oppervlaktewater t.o.v. Normaal Amsterdams Peil in cm,2026-04-01T00:50:00Z,"c(3.676908, 51.720117)"
locatiesmetlaatstewaarneming.fid-25e367c2_19f8584639c_-5a6e,Noordzee,Borssele Windpark Alpha platform,borsselealpha,Borssele Windpark Alpha platform,Noordzee,Waterhoogte in Oppervlaktewater t.o.v. Normaal Amsterdams Peil in cm,2025-10-01T01:50:00Z,"c(3.056707, 51.699921)"
locatiesmetlaatstewaarneming.fid-25e367c2_19f8584639c_-5a6c,Noordzee,Europlatform,europlatform,Europlatform,Noordzee,Waterhoogte in Oppervlaktewater t.o.v. Normaal Amsterdams Peil in cm,2025-01-01T15:10:00Z,"c(3.275071, 51.99781)"
locatiesmetlaatstewaarneming.fid-25e367c2_19f8584639c_-5a64,Noordzee,Vlakte van de Raan,vlaktevanderaan,Vlakte van de Raan,Noordzee,Waterhoogte in Oppervlaktewater t.o.v. Normaal Amsterdams Peil in cm,2026-01-01T23:50:00Z,"c(3.242164, 51.503721)"
locatiesmetlaatstewaarneming.fid-25e367c2_19f8584639c_-5a5f,Noordzee,"Cadzand, 1",cadzand.1,voorheen punt 02,Noordzee,Waterhoogte in Oppervlaktewater t.o.v. Normaal Amsterdams Peil in cm,2026-01-01T23:50:00Z,"c(3.368697, 51.390145)"
locatiesmetlaatstewaarneming.fid-25e367c2_19f8584639c_-5a5c,Noordzee,Oosterschelde Roompotsluis buiten,oosterschelde.roompotsluis.buiten,Oosterschelde Roompotsluis buiten,Noordzee,Waterhoogte in Oppervlaktewater t.o.v. Normaal Amsterdams Peil in cm,2026-07-21T18:20:00Z,"c(3.68, 51.619)"
locatiesmetlaatstewaarneming.fid-25e367c2_19f8584639c_-5c60,Noordzeekanaal,Buitenhuizen,buitenhuizen,kilometer 10,Noordzeekanaal,Waterhoogte in Oppervlaktewater t.o.v. Normaal Amsterdams Peil in cm,2026-07-21T18:20:00Z,"c(4.722711, 52.433277)"
locatiesmetlaatstewaarneming.fid-25e367c2_19f8584639c_-5bf6,Noordzeekanaal,"IJmuiden, noordersluis, oost",ijmuiden.noordersluis.oost,"IJmuiden, noordersluis, oost",Noordzeekanaal,Waterhoogte in Oppervlaktewater t.o.v. Normaal Amsterdams Peil in cm,2026-07-21T18:20:00Z,"c(4.614, 52.4672)"
locatiesmetlaatstewaarneming.fid-25e367c2_19f8584639c_-5b9d,Noordzeekanaal,Buitenhuizen,buitenhuizen,kilometer 10,Noordzeekanaal,Waterhoogte in Oppervlaktewater t.o.v. Normaal Amsterdams Peil in cm,2025-11-27T00:50:00Z,"c(4.722711, 52.433277)"
locatiesmetlaatstewaarneming.fid-25e367c2_19f8584639c_-5b97,Noordzeekanaal,"IJmuiden, noordersluis, oost",ijmuiden.noordersluis.oost,"IJmuiden, noordersluis, oost",Noordzeekanaal,Waterhoogte in Oppervlaktewater t.o.v. Normaal Amsterdams Peil in cm,2025-11-27T00:50:00Z,"c(4.614, 52.4672)"
locatiesmetlaatstewaarneming.fid-25e367c2_19f8584639c_-5a6d,Noordzeekanaal,Velsen Zuid Velsertunnel,velsenzuid.velsertunnel,Velsen Zuid Velsertunnel,Noordzeekanaal,Waterhoogte in Oppervlaktewater t.o.v. Normaal Amsterdams Peil in cm,2026-07-21T18:20:00Z,"c(4.655179, 52.461534)"
locatiesmetlaatstewaarneming.fid-25e367c2_19f8584639c_-5d09,Oosterschelde,"Tholen, Bergse Diepsluis, buiten",tholen.bergsediepsluis.buiten,west,Oosterschelde,Waterhoogte in Oppervlaktewater t.o.v. Normaal Amsterdams Peil in cm,2026-07-21T18:20:00Z,"c(4.165743, 51.511335)"
locatiesmetlaatstewaarneming.fid-25e367c2_19f8584639c_-5cff,Oosterschelde,Yerseke,yerseke,Yerseke,Oosterschelde,Waterhoogte in Oppervlaktewater t.o.v. Normaal Amsterdams Peil in cm,2026-07-21T18:20:00Z,"c(4.07513, 51.506154)"
locatiesmetlaatstewaarneming.fid-25e367c2_19f8584639c_-5cfd,Oosterschelde,Stavenisse,stavenisse,Stavenisse,Oosterschelde,Waterhoogte in Oppervlaktewater t.o.v. Normaal Amsterdams Peil in cm,2026-07-21T18:20:00Z,"c(4.004, 51.598)"
locatiesmetlaatstewaarneming.fid-25e367c2_19f8584639c_-5cfb,Oosterschelde,Marollegat,marollegat,Marollegat,Oosterschelde,Waterhoogte in Oppervlaktewater t.o.v. Normaal Amsterdams Peil in cm,2026-07-21T18:20:00Z,"c(4.191958, 51.479747)"
locatiesmetlaatstewaarneming.fid-25e367c2_19f8584639c_-5cee,Oosterschelde,Oosterschelde Roompotsluis binnen,oosterschelde.roompotsluis.binnen,Oosterschelde Roompotsluis binnen,Oosterschelde,Waterhoogte in Oppervlaktewater t.o.v. Normaal Amsterdams Peil in cm,2026-06-19T11:00:00Z,"c(3.688, 51.618)"
locatiesmetlaatstewaarneming.fid-25e367c2_19f8584639c_-5ced,Oosterschelde,Sint Annaland haven,sintannaland.oosterschelde,Sint Annaland haven,Oosterschelde,Waterhoogte in Oppervlaktewater t.o.v. Normaal Amsterdams Peil in cm,2026-07-21T18:20:00Z,"c(4.1096, 51.6036)"
locatiesmetlaatstewaarneming.fid-25e367c2_19f8584639c_-5c40,Oosterschelde,"Bruinisse Krammersluis, Oosterschelde",bruinisse.krammersluis.oosterschelde.2,vh west,Oosterschelde,Waterhoogte in Oppervlaktewater t.o.v. Normaal Amsterdams Peil in cm,2026-07-21T18:20:00Z,"c(4.14228, 51.65922)"
locatiesmetlaatstewaarneming.fid-25e367c2_19f8584639c_-5bea,Oosterschelde,Yerseke,yerseke,Yerseke,Oosterschelde,Waterhoogte in Oppervlaktewater t.o.v. Normaal Amsterdams Peil in cm,2025-11-06T00:50:00Z,"c(4.07513, 51.506154)"
locatiesmetlaatstewaarneming.fid-25e367c2_19f8584639c_-5be1,Oosterschelde,"Tholen, Bergse Diepsluis, buiten",tholen.bergsediepsluis.buiten,west,Oosterschelde,Waterhoogte in Oppervlaktewater t.o.v. Normaal Amsterdams Peil in cm,2025-11-27T00:50:00Z,"c(4.165743, 51.511335)"
locatiesmetlaatstewaarneming.fid-25e367c2_19f8584639c_-5bdf,Oosterschelde,Krammersluizen west,krammersluizen.west,Krammersluizen west,Oosterschelde,Waterhoogte in Oppervlaktewater t.o.v. Normaal Amsterdams Peil in cm,2025-11-27T00:50:00Z,"c(4.14426368, 51.65934474)"
locatiesmetlaatstewaarneming.fid-25e367c2_19f8584639c_-5bdd,Oosterschelde,Stavenisse,stavenisse,Stavenisse,Oosterschelde,Waterhoogte in Oppervlaktewater t.o.v. Normaal Amsterdams Peil in cm,2025-11-27T00:50:00Z,"c(4.004, 51.598)"
locatiesmetlaatstewaarneming.fid-25e367c2_19f8584639c_-5bd7,Oosterschelde,Oosterschelde Roompotsluis binnen,oosterschelde.roompotsluis.binnen,Oosterschelde Roompotsluis binnen,Oosterschelde,Waterhoogte in Oppervlaktewater t.o.v. Normaal Amsterdams Peil in cm,2025-11-27T00:50:00Z,"c(3.688, 51.618)"
locatiesmetlaatstewaarneming.fid-25e367c2_19f8584639c_-5b59,Oosterschelde,Marollegat,marollegat,Marollegat,Oosterschelde,Waterhoogte in Oppervlaktewater t.o.v. Normaal Amsterdams Peil in cm,2025-10-01T10:10:00Z,"c(4.191958, 51.479747)"
locatiesmetlaatstewaarneming.fid-25e367c2_19f8584639c_-5afc,Oosterschelde,"Sint Annaland, Haven Steiger",sintannaland.havensteiger,"Sint Annaland, Haven Steiger",Oosterschelde,Waterhoogte in Oppervlaktewater t.o.v. Normaal Amsterdams Peil in cm,2025-11-27T00:50:00Z,"c(4.109586, 51.603596)"
locatiesmetlaatstewaarneming.fid-25e367c2_19f8584639c_-5add,Oosterschelde,Marollegat,marollegat,Marollegat,Oosterschelde,Waterhoogte in Oppervlaktewater t.o.v. Normaal Amsterdams Peil in cm,2025-01-01T23:50:00Z,"c(4.191958, 51.479747)"
locatiesmetlaatstewaarneming.fid-25e367c2_19f8584639c_-5aca,Oosterschelde,"Sint Annaland, Haven Steiger",sintannaland.havensteiger,"Sint Annaland, Haven Steiger",Oosterschelde,Waterhoogte in Oppervlaktewater t.o.v. Normaal Amsterdams Peil in cm,2025-10-01T00:50:00Z,"c(4.109586, 51.603596)"
locatiesmetlaatstewaarneming.fid-25e367c2_19f8584639c_-5ab9,Oosterschelde,Yerseke,yerseke,Yerseke,Oosterschelde,Waterhoogte in Oppervlaktewater t.o.v. Normaal Amsterdams Peil in cm,2025-11-27T00:50:00Z,"c(4.07513, 51.506154)"
locatiesmetlaatstewaarneming.fid-25e367c2_19f8584639c_-5ab8,Oosterschelde,Marollegat,marollegat,Marollegat,Oosterschelde,Waterhoogte in Oppervlaktewater t.o.v. Normaal Amsterdams Peil in cm,2025-11-27T00:50:00Z,"c(4.191958, 51.479747)"
locatiesmetlaatstewaarneming.fid-25e367c2_19f8584639c_-5aac,Oosterschelde,Yerseke,yerseke,Yerseke,Oosterschelde,Waterhoogte in Oppervlaktewater t.o.v. Normaal Amsterdams Peil in cm,2026-04-01T00:50:00Z,"c(4.07513, 51.506154)"
locatiesmetlaatstewaarneming.fid-25e367c2_19f8584639c_-5aa9,Oosterschelde,Marollegat,marollegat,Marollegat,Oosterschelde,Waterhoogte in Oppervlaktewater t.o.v. Normaal Amsterdams Peil in cm,2026-04-01T00:50:00Z,"c(4.191958, 51.479747)"
locatiesmetlaatstewaarneming.fid-25e367c2_19f8584639c_-5aa2,Oosterschelde,Yerseke,yerseke,Yerseke,Oosterschelde,Waterhoogte in Oppervlaktewater t.o.v. Normaal Amsterdams Peil in cm,2025-10-01T10:10:00Z,"c(4.07513, 51.506154)"
locatiesmetlaatstewaarneming.fid-25e367c2_19f8584639c_-5a9c,Oosterschelde,"Sint Annaland, Haven Steiger",sintannaland.havensteiger,"Sint Annaland, Haven Steiger",Oosterschelde,Waterhoogte in Oppervlaktewater t.o.v. Normaal Amsterdams Peil in cm,2025-10-01T10:05:00Z,"c(4.109586, 51.603596)"
locatiesmetlaatstewaarneming.fid-25e367c2_19f8584639c_-5a75,Oosterschelde,"Sint Annaland, Haven Steiger",sintannaland.havensteiger,"Sint Annaland, Haven Steiger",Oosterschelde,Waterhoogte in Oppervlaktewater t.o.v. Normaal Amsterdams Peil in cm,2026-04-01T00:50:00Z,"c(4.109586, 51.603596)"
locatiesmetlaatstewaarneming.fid-25e367c2_19f8584639c_-5a5a,Oosterschelde,Oosterschelde Roompotsluis binnen,oosterschelde.roompotsluis.binnen,Oosterschelde Roompotsluis binnen,Oosterschelde,Waterhoogte in Oppervlaktewater t.o.v. Normaal Amsterdams Peil in cm,2026-07-21T18:20:00Z,"c(3.688, 51.618)"
locatiesmetlaatstewaarneming.fid-25e367c2_19f8584639c_-5cec,Oude Maas,"Spijkenisse, Oude Maas",spijkenisse.oudemaas,inlaat voedingskanaal,Oude Maas,Waterhoogte in Oppervlaktewater t.o.v. Normaal Amsterdams Peil in cm,2026-07-21T18:20:00Z,"c(4.333954, 51.861661)"
locatiesmetlaatstewaarneming.fid-25e367c2_19f8584639c_-5cad,Oude Maas,"Heinenoord, Goidschalxoord",heinenoord.goidschalxoord,"Heinenoord, Goidschalxoord",Oude Maas,Waterhoogte in Oppervlaktewater t.o.v. Normaal Amsterdams Peil in cm,2026-07-21T18:20:00Z,"c(4.451622, 51.830298)"
locatiesmetlaatstewaarneming.fid-25e367c2_19f8584639c_-5bbe,Oude Maas,"Spijkenisse, Oude Maas",spijkenisse.oudemaas,inlaat voedingskanaal,Oude Maas,Waterhoogte in Oppervlaktewater t.o.v. Normaal Amsterdams Peil in cm,2025-11-27T00:50:00Z,"c(4.333954, 51.861661)"
locatiesmetlaatstewaarneming.fid-25e367c2_19f8584639c_-5bb2,Oude Maas,"Heinenoord, Goidschalxoord",heinenoord.goidschalxoord,"Heinenoord, Goidschalxoord",Oude Maas,Waterhoogte in Oppervlaktewater t.o.v. Normaal Amsterdams Peil in cm,2025-11-27T00:50:00Z,"c(4.451622, 51.830298)"
locatiesmetlaatstewaarneming.fid-25e367c2_19f8584639c_-5b7a,Oude Maas,"Heinenoord, Goidschalxoord",heinenoord.goidschalxoord,"Heinenoord, Goidschalxoord",Oude Maas,Waterhoogte in Oppervlaktewater t.o.v. Normaal Amsterdams Peil in cm,2025-01-01T01:06:00Z,"c(4.451622, 51.830298)"
locatiesmetlaatstewaarneming.fid-25e367c2_19f8584639c_-5b50,Oude Maas,"Spijkenisse, Oude Maas",spijkenisse.oudemaas,inlaat voedingskanaal,Oude Maas,Waterhoogte in Oppervlaktewater t.o.v. Normaal Amsterdams Peil in cm,2025-01-01T00:30:00Z,"c(4.333954, 51.861661)"
locatiesmetlaatstewaarneming.fid-25e367c2_19f8584639c_-5c50,Pannerdensch Kanaal,"Pannerden, regelwerk, beneden",pannerden.regelwerk.beneden,"Pannerden, regelwerk, beneden",Pannerdensch Kanaal,Waterhoogte in Oppervlaktewater t.o.v. Normaal Amsterdams Peil in cm,2026-07-21T18:20:00Z,"c(6.029691, 51.888635)"
locatiesmetlaatstewaarneming.fid-25e367c2_19f8584639c_-5c10,Pannerdensch Kanaal,"Pannerden, regelwerk, boven",pannerden.regelwerk.boven,"Pannerden, regelwerk, boven",Pannerdensch Kanaal,Waterhoogte in Oppervlaktewater t.o.v. Normaal Amsterdams Peil in cm,2026-07-21T18:20:00Z,"c(6.030013, 51.888013)"
locatiesmetlaatstewaarneming.fid-25e367c2_19f8584639c_-5b87,Pannerdensch Kanaal,"Pannerden, regelwerk, beneden",pannerden.regelwerk.beneden,"Pannerden, regelwerk, beneden",Pannerdensch Kanaal,Waterhoogte in Oppervlaktewater t.o.v. Normaal Amsterdams Peil in cm,2025-11-27T00:50:00Z,"c(6.029691, 51.888635)"
locatiesmetlaatstewaarneming.fid-25e367c2_19f8584639c_-5b86,Pannerdensch Kanaal,"Pannerden, regelwerk, boven",pannerden.regelwerk.boven,"Pannerden, regelwerk, boven",Pannerdensch Kanaal,Waterhoogte in Oppervlaktewater t.o.v. Normaal Amsterdams Peil in cm,2025-11-27T00:50:00Z,"c(6.030013, 51.888013)"
locatiesmetlaatstewaarneming.fid-25e367c2_19f8584639c_-5c07,Prinses Margrietkanaal,Terherne boven,terherne.boven,Terherne boven,Prinses Margrietkanaal,Waterhoogte in Oppervlaktewater t.o.v. Normaal Amsterdams Peil in cm,2026-07-21T18:00:00Z,"c(5.7706, 53.04488)"
locatiesmetlaatstewaarneming.fid-25e367c2_19f8584639c_-5c05,Prinses Margrietkanaal,Terherne beneden,terherne.beneden,Terherne beneden,Prinses Margrietkanaal,Waterhoogte in Oppervlaktewater t.o.v. Normaal Amsterdams Peil in cm,2026-07-21T18:00:00Z,"c(5.76625, 53.04323)"
locatiesmetlaatstewaarneming.fid-25e367c2_19f8584639c_-5cbd,Randmeren,Dronten Reevesluis noord,dronten.reevesluis.vossemeer,Dronten Reevesluis noord,Randmeren,Waterhoogte in Oppervlaktewater t.o.v. Normaal Amsterdams Peil in cm,2026-07-21T18:20:00Z,"c(5.8575, 52.5198)"
locatiesmetlaatstewaarneming.fid-25e367c2_19f8584639c_-5cbc,Randmeren,Dronten Reevesluis zuid,dronten.reevesluis.drontermeer,Dronten Reevesluis zuid,Randmeren,Waterhoogte in Oppervlaktewater t.o.v. Normaal Amsterdams Peil in cm,2026-07-21T18:20:00Z,"c(5.8575, 52.5181)"
locatiesmetlaatstewaarneming.fid-25e367c2_19f8584639c_-5cb5,Randmeren,"Nijkerk, Nuldernauw",nijkerk.nuldernauw,"Nijkerk, Nuldernauw",Randmeren,Waterhoogte in Oppervlaktewater t.o.v. Normaal Amsterdams Peil in cm,2026-07-21T18:20:00Z,"c(5.475311, 52.262814)"
locatiesmetlaatstewaarneming.fid-25e367c2_19f8584639c_-5c89,Randmeren,Elburg Elburgerbrug,elburg.elburgerbrug,Elburg Elburgerbrug,Randmeren,Waterhoogte in Oppervlaktewater t.o.v. Normaal Amsterdams Peil in cm,2026-07-21T18:20:00Z,"c(5.817102, 52.457466)"
locatiesmetlaatstewaarneming.fid-25e367c2_19f8584639c_-5c5e,Randmeren,"Nijkerk, Nijkerkernauw",nijkerk.nijkerkernauw,"Nijkerk, Nijkerkernauw",Randmeren,Waterhoogte in Oppervlaktewater t.o.v. Normaal Amsterdams Peil in cm,2026-07-21T18:20:00Z,"c(5.470182, 52.261739)"
locatiesmetlaatstewaarneming.fid-25e367c2_19f8584639c_-5bde,Randmeren,"Nijkerk, Nijkerkernauw",nijkerk.nijkerkernauw,"Nijkerk, Nijkerkernauw",Randmeren,Waterhoogte in Oppervlaktewater t.o.v. Normaal Amsterdams Peil in cm,2025-11-27T00:50:00Z,"c(5.470182, 52.261739)"
locatiesmetlaatstewaarneming.fid-25e367c2_19f8584639c_-5b8a,Randmeren,"Nijkerk, Nuldernauw",nijkerk.nuldernauw,"Nijkerk, Nuldernauw",Randmeren,Waterhoogte in Oppervlaktewater t.o.v. Normaal Amsterdams Peil in cm,2025-11-27T00:50:00Z,"c(5.475311, 52.262814)"
locatiesmetlaatstewaarneming.fid-25e367c2_19f8584639c_-5b89,Randmeren,Elburg Elburgerbrug,elburg.elburgerbrug,Elburg Elburgerbrug,Randmeren,Waterhoogte in Oppervlaktewater t.o.v. Normaal Amsterdams Peil in cm,2025-11-27T00:50:00Z,"c(5.817102, 52.457466)"
locatiesmetlaatstewaarneming.fid-25e367c2_19f8584639c_-5ac0,Randmeren,Dronten Reevesluis zuid,dronten.reevesluis.drontermeer,Dronten Reevesluis zuid,Randmeren,Waterhoogte in Oppervlaktewater t.o.v. Normaal Amsterdams Peil in cm,2025-11-27T00:50:00Z,"c(5.8575, 52.5181)"
locatiesmetlaatstewaarneming.fid-25e367c2_19f8584639c_-5abf,Randmeren,Dronten Reevesluis noord,dronten.reevesluis.vossemeer,Dronten Reevesluis noord,Randmeren,Waterhoogte in Oppervlaktewater t.o.v. Normaal Amsterdams Peil in cm,2025-11-27T00:50:00Z,"c(5.8575, 52.5198)"
locatiesmetlaatstewaarneming.fid-25e367c2_19f8584639c_-5ca0,Reevediep,Kampen Scheeresluis beneden,kampen.scheeresluis.beneden,Kampen Scheeresluis beneden,Reevediep,Waterhoogte in Oppervlaktewater t.o.v. Normaal Amsterdams Peil in cm,2026-07-21T18:10:00Z,"c(5.94723, 52.5308)"
locatiesmetlaatstewaarneming.fid-25e367c2_19f8584639c_-5ce4,Schelde-Rijnverbinding,"Rilland, Antwerps kanaalpand",rilland.antwerpskanaalpand,linker oever km 1042,Schelde-Rijnverbinding,Waterhoogte in Oppervlaktewater t.o.v. Normaal Amsterdams Peil in cm,2026-07-21T18:20:00Z,"c(4.237887, 51.405709)"
locatiesmetlaatstewaarneming.fid-25e367c2_19f8584639c_-5cc1,Schelde-Rijnverbinding,Nieuw-Vossemeer,nieuwvossemeer,Nieuw-Vossemeer,Schelde-Rijnverbinding,Waterhoogte in Oppervlaktewater t.o.v. Normaal Amsterdams Peil in cm,2026-07-21T18:20:00Z,"c(4.201577, 51.584608)"
locatiesmetlaatstewaarneming.fid-25e367c2_19f8584639c_-5c9a,Schelde-Rijnverbinding,"Rilland, Bathse Spuikanaal, inloop",rilland.bathsespuikanaal.inloop,"Rilland, Bathse Spuikanaal, inloop",Schelde-Rijnverbinding,Waterhoogte in Oppervlaktewater t.o.v. Normaal Amsterdams Peil in cm,2026-04-16T00:30:00Z,"c(4.22577, 51.46291)"
locatiesmetlaatstewaarneming.fid-25e367c2_19f8584639c_-5ad2,Schelde-Rijnverbinding,"Rilland, Bathse Spuikanaal, inloop",rilland.bathsespuikanaal.inloop,"Rilland, Bathse Spuikanaal, inloop",Schelde-Rijnverbinding,Waterhoogte in Oppervlaktewater t.o.v. Normaal Amsterdams Peil in cm,2026-04-01T00:50:00Z,"c(4.22577, 51.46291)"
locatiesmetlaatstewaarneming.fid-25e367c2_19f8584639c_-5acd,Schelde-Rijnverbinding,"Rilland, Antwerps kanaalpand",rilland.antwerpskanaalpand,linker oever km 1042,Schelde-Rijnverbinding,Waterhoogte in Oppervlaktewater t.o.v. Normaal Amsterdams Peil in cm,2026-04-01T00:50:00Z,"c(4.237887, 51.405709)"
locatiesmetlaatstewaarneming.fid-25e367c2_19f8584639c_-5ac9,Schelde-Rijnverbinding,Nieuw-Vossemeer,nieuwvossemeer,Nieuw-Vossemeer,Schelde-Rijnverbinding,Waterhoogte in Oppervlaktewater t.o.v. Normaal Amsterdams Peil in cm,2026-04-01T00:50:00Z,"c(4.201577, 51.584608)"
locatiesmetlaatstewaarneming.fid-25e367c2_19f8584639c_-5d21,Markermeer,Edam,edam,Edam,Markermeer,Waterhoogte in Oppervlaktewater t.o.v. Normaal Amsterdams Peil in cm,2026-07-21T18:20:00Z,"c(5.06988, 52.516051)"
locatiesmetlaatstewaarneming.fid-25e367c2_19f8584639c_-5d20,Markermeer,"Almere, Hollandse brug",almere.hollandsebrug,"Almere, Hollandse brug",Markermeer,Waterhoogte in Oppervlaktewater t.o.v. Normaal Amsterdams Peil in cm,2026-07-21T18:20:00Z,"c(5.1376, 52.3265)"
locatiesmetlaatstewaarneming.fid-25e367c2_19f8584639c_-5d17,Markermeer,Markermeer Trintelzand,markermeer.trintelzand,Markermeer Trintelzand,Markermeer,Waterhoogte in Oppervlaktewater t.o.v. Normaal Amsterdams Peil in cm,2026-07-21T18:20:00Z,"c(5.37297, 52.62412)"
locatiesmetlaatstewaarneming.fid-25e367c2_19f8584639c_-5cd1,Markermeer,"Markermeer, midden",markermeer.midden,"Markermeer, midden",Markermeer,Waterhoogte in Oppervlaktewater t.o.v. Normaal Amsterdams Peil in cm,2026-07-21T18:20:00Z,"c(5.23124, 52.5317)"
locatiesmetlaatstewaarneming.fid-25e367c2_19f8584639c_-5c78,Markermeer,"Lelystad, Houtribsluis, zuid",lelystad.houtribsluis.zuid,"Lelystad, Houtribsluis, zuid",Markermeer,Waterhoogte in Oppervlaktewater t.o.v. Normaal Amsterdams Peil in cm,2026-07-21T18:20:00Z,"c(5.433916, 52.526351)"
locatiesmetlaatstewaarneming.fid-25e367c2_19f8584639c_-5c6f,Markermeer,"Krabbersgat, Markermeer",krabbersgat.markermeer,"voorheen, zuid",Markermeer,Waterhoogte in Oppervlaktewater t.o.v. Normaal Amsterdams Peil in cm,2026-07-21T18:20:00Z,"c(5.279974, 52.691226)"
locatiesmetlaatstewaarneming.fid-25e367c2_19f8584639c_-5be0,Markermeer,"Lelystad, Houtribsluis, zuid",lelystad.houtribsluis.zuid,"Lelystad, Houtribsluis, zuid",Markermeer,Waterhoogte in Oppervlaktewater t.o.v. Normaal Amsterdams Peil in cm,2025-11-27T00:50:00Z,"c(5.433916, 52.526351)"
locatiesmetlaatstewaarneming.fid-25e367c2_19f8584639c_-5bdc,Markermeer,"Krabbersgat, Markermeer",krabbersgat.markermeer,"voorheen, zuid",Markermeer,Waterhoogte in Oppervlaktewater t.o.v. Normaal Amsterdams Peil in cm,2025-11-27T00:50:00Z,"c(5.279974, 52.691226)"
locatiesmetlaatstewaarneming.fid-25e367c2_19f8584639c_-5b96,Markermeer,Edam,edam,Edam,Markermeer,Waterhoogte in Oppervlaktewater t.o.v. Normaal Amsterdams Peil in cm,2025-11-27T00:50:00Z,"c(5.06988, 52.516051)"
locatiesmetlaatstewaarneming.fid-25e367c2_19f8584639c_-5b94,Markermeer,"Almere, Hollandse brug",almere.hollandsebrug,"Almere, Hollandse brug",Markermeer,Waterhoogte in Oppervlaktewater t.o.v. Normaal Amsterdams Peil in cm,2025-11-27T00:50:00Z,"c(5.1376, 52.3265)"
locatiesmetlaatstewaarneming.fid-25e367c2_19f8584639c_-5ab0,Markermeer,"Markermeer, midden",markermeer.midden,"Markermeer, midden",Markermeer,Waterhoogte in Oppervlaktewater t.o.v. Normaal Amsterdams Peil in cm,2025-11-27T00:50:00Z,"c(5.23124, 52.5317)"
locatiesmetlaatstewaarneming.fid-25e367c2_19f8584639c_-5aaf,Markermeer,Markermeer Trintelzand,markermeer.trintelzand,Markermeer Trintelzand,Markermeer,Waterhoogte in Oppervlaktewater t.o.v. Normaal Amsterdams Peil in cm,2025-11-27T00:50:00Z,"c(5.37297, 52.62412)"
locatiesmetlaatstewaarneming.fid-25e367c2_19f8584639c_-5bf5,Markkanaal,"Oosterhout, Marksluis, beneden",oosterhout.marksluis.beneden,"Oosterhout, Marksluis, beneden",Markkanaal,Waterhoogte in Oppervlaktewater t.o.v. Normaal Amsterdams Peil in cm,2026-07-21T18:20:00Z,"c(4.830861, 51.647889)"
locatiesmetlaatstewaarneming.fid-25e367c2_19f8584639c_-5ad6,Markkanaal,"Oosterhout, Marksluis, beneden",oosterhout.marksluis.beneden,"Oosterhout, Marksluis, beneden",Markkanaal,Waterhoogte in Oppervlaktewater t.o.v. Normaal Amsterdams Peil in cm,2025-11-27T00:50:00Z,"c(4.830861, 51.647889)"
locatiesmetlaatstewaarneming.fid-25e367c2_19f8584639c_-5caa,Maximakanaal,Rosmalen Hinthamsluis beneden,rosmalen.hinthamsluis.beneden,Rosmalen Hinthamsluis beneden,Maximakanaal,Waterhoogte in Oppervlaktewater t.o.v. Normaal Amsterdams Peil in cm,2026-07-21T18:20:00Z,"c(5.358111, 51.700277)"
locatiesmetlaatstewaarneming.fid-25e367c2_19f8584639c_-5c85,Maximakanaal,Empel beneden,shertogenbosch.empel.maas,"km 215,40",Maximakanaal,Waterhoogte in Oppervlaktewater t.o.v. Normaal Amsterdams Peil in cm,2026-07-21T18:20:00Z,"c(5.332889, 51.740083)"
locatiesmetlaatstewaarneming.fid-25e367c2_19f8584639c_-5c1d,Maximakanaal,"Empel, kanaal",shertogenbosch.empel.kanaal,"Empel, kanaal",Maximakanaal,Waterhoogte in Oppervlaktewater t.o.v. Normaal Amsterdams Peil in cm,2026-07-21T18:20:00Z,"c(5.333972, 51.738528)"
locatiesmetlaatstewaarneming.fid-25e367c2_19f8584639c_-5c0f,Maximakanaal,Rosmalen Hinthamsluis boven,rosmalen.hinthamsluis.boven,Rosmalen Hinthamsluis boven,Maximakanaal,Waterhoogte in Oppervlaktewater t.o.v. Normaal Amsterdams Peil in cm,2026-07-21T18:20:00Z,"c(5.359194, 51.697111)"
locatiesmetlaatstewaarneming.fid-25e367c2_19f8584639c_-5adc,Maximakanaal,"Rosmalen, Hintham, boven",rosmalen.hintham.boven,"Rosmalen, Hintham, boven",Maximakanaal,Waterhoogte in Oppervlaktewater t.o.v. Normaal Amsterdams Peil in cm,2025-11-27T00:50:00Z,"c(5.359169, 51.696961)"
locatiesmetlaatstewaarneming.fid-25e367c2_19f8584639c_-5adb,Maximakanaal,"Rosmalen, Hintham, beneden",rosmalen.hintham.beneden,"Rosmalen, Hintham, beneden",Maximakanaal,Waterhoogte in Oppervlaktewater t.o.v. Normaal Amsterdams Peil in cm,2025-11-27T00:50:00Z,"c(5.358111, 51.700278)"
locatiesmetlaatstewaarneming.fid-25e367c2_19f8584639c_-5ad8,Maximakanaal,Empel beneden,shertogenbosch.empel.maas,"km 215,40",Maximakanaal,Waterhoogte in Oppervlaktewater t.o.v. Normaal Amsterdams Peil in cm,2025-11-27T00:50:00Z,"c(5.332889, 51.740083)"
locatiesmetlaatstewaarneming.fid-25e367c2_19f8584639c_-5ad5,Maximakanaal,"Empel, kanaal",shertogenbosch.empel.kanaal,"Empel, kanaal",Maximakanaal,Waterhoogte in Oppervlaktewater t.o.v. Normaal Amsterdams Peil in cm,2025-11-27T00:50:00Z,"c(5.333972, 51.738528)"
locatiesmetlaatstewaarneming.fid-25e367c2_19f8584639c_-5c87,Meppelerdiep,"Zwartsluis, Meppelerdiep",zwartsluis.meppelerdiep,km 2.5,Meppelerdiep,Waterhoogte in Oppervlaktewater t.o.v. Normaal Amsterdams Peil in cm,2026-07-21T18:20:00Z,"c(6.092924, 52.652215)"
locatiesmetlaatstewaarneming.fid-25e367c2_19f8584639c_-5aed,Meppelerdiep,"Zwartsluis, Meppelerdiep",zwartsluis.meppelerdiep,km 2.5,Meppelerdiep,Waterhoogte in Oppervlaktewater t.o.v. Normaal Amsterdams Peil in cm,2025-11-27T00:50:00Z,"c(6.092924, 52.652215)"
locatiesmetlaatstewaarneming.fid-25e367c2_19f8584639c_-5d02,Westerschelde,Ossenisse,ossenisse,vh Overloop van Hansweert,Westerschelde,Waterhoogte in Oppervlaktewater t.o.v. Normaal Amsterdams Peil in cm,2026-07-21T18:20:00Z,"c(3.966769, 51.407884)"
locatiesmetlaatstewaarneming.fid-25e367c2_19f8584639c_-5cf1,Westerschelde,Walsoorden,walsoorden,Walsoorden,Westerschelde,Waterhoogte in Oppervlaktewater t.o.v. Normaal Amsterdams Peil in cm,2026-07-21T18:20:00Z,"c(4.026206, 51.398427)"
locatiesmetlaatstewaarneming.fid-25e367c2_19f8584639c_-5ccf,Westerschelde,Schaar van de Noord,schaarvandenoord,Schaar van de Noord,Westerschelde,Waterhoogte in Oppervlaktewater t.o.v. Normaal Amsterdams Peil in cm,2026-07-21T18:20:00Z,"c(4.164992, 51.377868)"
locatiesmetlaatstewaarneming.fid-25e367c2_19f8584639c_-5c95,Westerschelde,"Kloosterzande, Baalhoek",kloosterzande.baalhoek,"Kloosterzande, Baalhoek",Westerschelde,Waterhoogte in Oppervlaktewater t.o.v. Normaal Amsterdams Peil in cm,2026-07-21T18:20:00Z,"c(4.10258, 51.366086)"
locatiesmetlaatstewaarneming.fid-25e367c2_19f8584639c_-5c83,Westerschelde,"Terneuzen, westsluis, buiten",terneuzen.westsluis.buiten,"Terneuzen, westsluis, buiten",Westerschelde,Waterhoogte in Oppervlaktewater t.o.v. Normaal Amsterdams Peil in cm,2026-07-21T18:20:00Z,"c(3.812564, 51.337472)"
locatiesmetlaatstewaarneming.fid-25e367c2_19f8584639c_-5c82,Westerschelde,"Rilland, Bath",rilland.bath,"Rilland, Bath",Westerschelde,Waterhoogte in Oppervlaktewater t.o.v. Normaal Amsterdams Peil in cm,2026-07-21T18:20:00Z,"c(4.21014, 51.39878)"
locatiesmetlaatstewaarneming.fid-25e367c2_19f8584639c_-5c6e,Westerschelde,Westkapelle,westkapelle,Westkapelle,Westerschelde,Waterhoogte in Oppervlaktewater t.o.v. Normaal Amsterdams Peil in cm,2026-07-21T18:20:00Z,"c(3.440031, 51.521448)"
locatiesmetlaatstewaarneming.fid-25e367c2_19f8584639c_-5c64,Westerschelde,Borssele,borssele,Borssele,Westerschelde,Waterhoogte in Oppervlaktewater t.o.v. Normaal Amsterdams Peil in cm,2026-07-21T18:20:00Z,"c(3.735446, 51.410924)"
locatiesmetlaatstewaarneming.fid-25e367c2_19f8584639c_-5c61,Westerschelde,Vlissingen,vlissingen,Vlissingen,Westerschelde,Waterhoogte in Oppervlaktewater t.o.v. Normaal Amsterdams Peil in cm,2026-07-21T18:20:00Z,"c(3.6, 51.442)"
locatiesmetlaatstewaarneming.fid-25e367c2_19f8584639c_-5c37,Westerschelde,"Breskens, Handelshaven",breskens.handelshaven,"Breskens, Handelshaven",Westerschelde,Waterhoogte in Oppervlaktewater t.o.v. Normaal Amsterdams Peil in cm,2026-07-21T18:20:00Z,"c(3.565798, 51.396709)"
locatiesmetlaatstewaarneming.fid-25e367c2_19f8584639c_-5c35,Westerschelde,Terneuzen,terneuzen,Terneuzen,Westerschelde,Waterhoogte in Oppervlaktewater t.o.v. Normaal Amsterdams Peil in cm,2026-07-21T18:20:00Z,"c(3.819812, 51.336212)"
locatiesmetlaatstewaarneming.fid-25e367c2_19f8584639c_-5c26,Westerschelde,Rilland Bathse spuisluis buiten,rilland.bathsespuisluis.buiten,Rilland Bathse spuisluis buiten,Westerschelde,Waterhoogte in Oppervlaktewater t.o.v. Normaal Amsterdams Peil in cm,2026-07-21T18:20:00Z,"c(4.234155, 51.39283)"
locatiesmetlaatstewaarneming.fid-25e367c2_19f8584639c_-5bf9,Westerschelde,Hansweert,hansweert,Hansweert,Westerschelde,Waterhoogte in Oppervlaktewater t.o.v. Normaal Amsterdams Peil in cm,2026-07-21T18:20:00Z,"c(3.99744, 51.44567)"
locatiesmetlaatstewaarneming.fid-25e367c2_19f8584639c_-5be4,Westerschelde,Vlissingen,vlissingen,Vlissingen,Westerschelde,Waterhoogte in Oppervlaktewater t.o.v. Normaal Amsterdams Peil in cm,2026-01-01T23:50:00Z,"c(3.6, 51.442)"
locatiesmetlaatstewaarneming.fid-25e367c2_19f8584639c_-5be3,Westerschelde,"Cadzand, 2",cadzand.2,"Cadzand, 2",Westerschelde,Waterhoogte in Oppervlaktewater t.o.v. Normaal Amsterdams Peil in cm,2025-11-27T00:50:00Z,"c(3.376275, 51.379298)"
locatiesmetlaatstewaarneming.fid-25e367c2_19f8584639c_-5b8c,Westerschelde,"Breskens, Veerhaven",breskens.veerhaven,"Breskens, Veerhaven",Westerschelde,Waterhoogte in Oppervlaktewater t.o.v. Normaal Amsterdams Peil in cm,2026-01-01T23:50:00Z,"c(3.550427, 51.403661)"
locatiesmetlaatstewaarneming.fid-25e367c2_19f8584639c_-5b77,Westerschelde,Gat van Borssele,gatvanborssele,Gat van Borssele,Westerschelde,Waterhoogte in Oppervlaktewater t.o.v. Normaal Amsterdams Peil in cm,2025-01-01T02:37:00Z,"c(3.757884, 51.411393)"
locatiesmetlaatstewaarneming.fid-25e367c2_19f8584639c_-5b75,Westerschelde,"Breskens, Veerhaven",breskens.veerhaven,"Breskens, Veerhaven",Westerschelde,Waterhoogte in Oppervlaktewater t.o.v. Normaal Amsterdams Peil in cm,2025-01-01T02:27:00Z,"c(3.550427, 51.403661)"
locatiesmetlaatstewaarneming.fid-25e367c2_19f8584639c_-5b6e,Westerschelde,"Cadzand, 2",cadzand.2,"Cadzand, 2",Westerschelde,Waterhoogte in Oppervlaktewater t.o.v. Normaal Amsterdams Peil in cm,2025-01-01T01:47:00Z,"c(3.376275, 51.379298)"
locatiesmetlaatstewaarneming.fid-25e367c2_19f8584639c_-5b61,Westerschelde,Westkapelle,westkapelle,Westkapelle,Westerschelde,Waterhoogte in Oppervlaktewater t.o.v. Normaal Amsterdams Peil in cm,2025-01-01T02:00:00Z,"c(3.440031, 51.521448)"
locatiesmetlaatstewaarneming.fid-25e367c2_19f8584639c_-5b58,Westerschelde,Vlissingen,vlissingen,Vlissingen,Westerschelde,Waterhoogte in Oppervlaktewater t.o.v. Normaal Amsterdams Peil in cm,2025-01-01T02:27:00Z,"c(3.6, 51.442)"
locatiesmetlaatstewaarneming.fid-25e367c2_19f8584639c_-5b53,Westerschelde,"Terneuzen, westsluis, buiten",terneuzen.westsluis.buiten,"Terneuzen, westsluis, buiten",Westerschelde,Waterhoogte in Oppervlaktewater t.o.v. Normaal Amsterdams Peil in cm,2025-10-01T08:50:00Z,"c(3.812564, 51.337472)"
locatiesmetlaatstewaarneming.fid-25e367c2_19f8584639c_-5b4e,Westerschelde,Terneuzen,terneuzen,Terneuzen,Westerschelde,Waterhoogte in Oppervlaktewater t.o.v. Normaal Amsterdams Peil in cm,2025-01-01T02:45:00Z,"c(3.819812, 51.336212)"
locatiesmetlaatstewaarneming.fid-25e367c2_19f8584639c_-5ac5,Westerschelde,"Terneuzen, westsluis, buiten",terneuzen.westsluis.buiten,"Terneuzen, westsluis, buiten",Westerschelde,Waterhoogte in Oppervlaktewater t.o.v. Normaal Amsterdams Peil in cm,2025-10-01T00:50:00Z,"c(3.812564, 51.337472)"
locatiesmetlaatstewaarneming.fid-25e367c2_19f8584639c_-5aae,Westerschelde,Ossenisse,ossenisse,vh Overloop van Hansweert,Westerschelde,Waterhoogte in Oppervlaktewater t.o.v. Normaal Amsterdams Peil in cm,2026-04-01T00:50:00Z,"c(3.966769, 51.407884)"
locatiesmetlaatstewaarneming.fid-25e367c2_19f8584639c_-5aab,Westerschelde,"Kloosterzande, Baalhoek",kloosterzande.baalhoek,"Kloosterzande, Baalhoek",Westerschelde,Waterhoogte in Oppervlaktewater t.o.v. Normaal Amsterdams Peil in cm,2026-04-01T00:50:00Z,"c(4.10258, 51.366086)"
locatiesmetlaatstewaarneming.fid-25e367c2_19f8584639c_-5aa6,Westerschelde,Westkapelle,westkapelle,Westkapelle,Westerschelde,Waterhoogte in Oppervlaktewater t.o.v. Normaal Amsterdams Peil in cm,2025-10-01T08:20:00Z,"c(3.440031, 51.521448)"
locatiesmetlaatstewaarneming.fid-25e367c2_19f8584639c_-5aa3,Westerschelde,"Rilland, Bath",rilland.bath,"Rilland, Bath",Westerschelde,Waterhoogte in Oppervlaktewater t.o.v. Normaal Amsterdams Peil in cm,2025-10-01T09:40:00Z,"c(4.21014, 51.39878)"
locatiesmetlaatstewaarneming.fid-25e367c2_19f8584639c_-5aa1,Westerschelde,"Breskens, Veerhaven",breskens.veerhaven,"Breskens, Veerhaven",Westerschelde,Waterhoogte in Oppervlaktewater t.o.v. Normaal Amsterdams Peil in cm,2025-01-01T02:27:00Z,"c(3.550427, 51.403661)"
locatiesmetlaatstewaarneming.fid-25e367c2_19f8584639c_-5a97,Westerschelde,Walsoorden,walsoorden,Walsoorden,Westerschelde,Waterhoogte in Oppervlaktewater t.o.v. Normaal Amsterdams Peil in cm,2025-10-01T09:25:00Z,"c(4.026206, 51.398427)"
locatiesmetlaatstewaarneming.fid-25e367c2_19f8584639c_-5a89,Westerschelde,Terneuzen,terneuzen,Terneuzen,Westerschelde,Waterhoogte in Oppervlaktewater t.o.v. Normaal Amsterdams Peil in cm,2025-10-01T08:55:00Z,"c(3.819812, 51.336212)"
locatiesmetlaatstewaarneming.fid-25e367c2_19f8584639c_-5a87,Westerschelde,Vlissingen,vlissingen,Vlissingen,Westerschelde,Waterhoogte in Oppervlaktewater t.o.v. Normaal Amsterdams Peil in cm,2025-10-01T08:30:00Z,"c(3.6, 51.442)"
locatiesmetlaatstewaarneming.fid-25e367c2_19f8584639c_-5a86,Westerschelde,Gat van Borssele,gatvanborssele,Gat van Borssele,Westerschelde,Waterhoogte in Oppervlaktewater t.o.v. Normaal Amsterdams Peil in cm,2025-10-01T08:50:00Z,"c(3.757884, 51.411393)"
locatiesmetlaatstewaarneming.fid-25e367c2_19f8584639c_-5a84,Westerschelde,Ossenisse,ossenisse,vh Overloop van Hansweert,Westerschelde,Waterhoogte in Oppervlaktewater t.o.v. Normaal Amsterdams Peil in cm,2025-10-01T09:10:00Z,"c(3.966769, 51.407884)"
locatiesmetlaatstewaarneming.fid-25e367c2_19f8584639c_-5a82,Westerschelde,Schaar van de Noord,schaarvandenoord,Schaar van de Noord,Westerschelde,Waterhoogte in Oppervlaktewater t.o.v. Normaal Amsterdams Peil in cm,2025-10-01T09:40:00Z,"c(4.164992, 51.377868)"
locatiesmetlaatstewaarneming.fid-25e367c2_19f8584639c_-5a78,Westerschelde,"Terneuzen, westsluis, buiten",terneuzen.westsluis.buiten,"Terneuzen, westsluis, buiten",Westerschelde,Waterhoogte in Oppervlaktewater t.o.v. Normaal Amsterdams Peil in cm,2026-04-01T00:50:00Z,"c(3.812564, 51.337472)"
locatiesmetlaatstewaarneming.fid-25e367c2_19f8584639c_-5a74,Westerschelde,Gat van Borssele,gatvanborssele,Gat van Borssele,Westerschelde,Waterhoogte in Oppervlaktewater t.o.v. Normaal Amsterdams Peil in cm,2026-04-01T00:50:00Z,"c(3.757884, 51.411393)"
locatiesmetlaatstewaarneming.fid-25e367c2_19f8584639c_-5a73,Westerschelde,Schaar van de Noord,schaarvandenoord,Schaar van de Noord,Westerschelde,Waterhoogte in Oppervlaktewater t.o.v. Normaal Amsterdams Peil in cm,2026-04-01T00:50:00Z,"c(4.164992, 51.377868)"
locatiesmetlaatstewaarneming.fid-25e367c2_19f8584639c_-5a68,Westerschelde,"Kloosterzande, Baalhoek",kloosterzande.baalhoek,"Kloosterzande, Baalhoek",Westerschelde,Waterhoogte in Oppervlaktewater t.o.v. Normaal Amsterdams Peil in cm,2026-01-01T23:50:00Z,"c(4.10258, 51.366086)"
locatiesmetlaatstewaarneming.fid-25e367c2_19f8584639c_-5a67,Westerschelde,Westkapelle,westkapelle,Westkapelle,Westerschelde,Waterhoogte in Oppervlaktewater t.o.v. Normaal Amsterdams Peil in cm,2026-01-01T23:50:00Z,"c(3.440031, 51.521448)"
locatiesmetlaatstewaarneming.fid-25e367c2_19f8584639c_-5a66,Westerschelde,Walsoorden,walsoorden,Walsoorden,Westerschelde,Waterhoogte in Oppervlaktewater t.o.v. Normaal Amsterdams Peil in cm,2026-01-01T23:50:00Z,"c(4.026206, 51.398427)"
locatiesmetlaatstewaarneming.fid-25e367c2_19f8584639c_-5a65,Westerschelde,Terneuzen,terneuzen,Terneuzen,Westerschelde,Waterhoogte in Oppervlaktewater t.o.v. Normaal Amsterdams Peil in cm,2026-01-01T23:50:00Z,"c(3.819812, 51.336212)"
locatiesmetlaatstewaarneming.fid-25e367c2_19f8584639c_-5a63,Westerschelde,Schaar van de Noord,schaarvandenoord,Schaar van de Noord,Westerschelde,Waterhoogte in Oppervlaktewater t.o.v. Normaal Amsterdams Peil in cm,2026-01-01T23:50:00Z,"c(4.164992, 51.377868)"
locatiesmetlaatstewaarneming.fid-25e367c2_19f8584639c_-5a62,Westerschelde,Ossenisse,ossenisse,vh Overloop van Hansweert,Westerschelde,Waterhoogte in Oppervlaktewater t.o.v. Normaal Amsterdams Peil in cm,2026-01-01T23:50:00Z,"c(3.966769, 51.407884)"
locatiesmetlaatstewaarneming.fid-25e367c2_19f8584639c_-5a61,Westerschelde,Hansweert,hansweert,Hansweert,Westerschelde,Waterhoogte in Oppervlaktewater t.o.v. Normaal Amsterdams Peil in cm,2026-01-01T23:50:00Z,"c(3.99744, 51.44567)"
locatiesmetlaatstewaarneming.fid-25e367c2_19f8584639c_-5a60,Westerschelde,"Rilland, Bath",rilland.bath,"Rilland, Bath",Westerschelde,Waterhoogte in Oppervlaktewater t.o.v. Normaal Amsterdams Peil in cm,2026-01-01T23:50:00Z,"c(4.21014, 51.39878)"
locatiesmetlaatstewaarneming.fid-25e367c2_19f8584639c_-5a5e,Westerschelde,Gat van Borssele,gatvanborssele,Gat van Borssele,Westerschelde,Waterhoogte in Oppervlaktewater t.o.v. Normaal Amsterdams Peil in cm,2026-01-01T23:50:00Z,"c(3.757884, 51.411393)"
locatiesmetlaatstewaarneming.fid-25e367c2_19f8584639c_-5a5d,Westerschelde,Schaar van de Noord,schaarvandenoord,Schaar van de Noord,Westerschelde,Waterhoogte in Oppervlaktewater t.o.v. Normaal Amsterdams Peil in cm,2026-01-01T23:50:00Z,"c(4.164992, 51.377868)"
locatiesmetlaatstewaarneming.fid-25e367c2_19f8584639c_-5a59,Westerschelde,"Kloosterzande, Baalhoek",kloosterzande.baalhoek,"Kloosterzande, Baalhoek",Westerschelde,Waterhoogte in Oppervlaktewater t.o.v. Normaal Amsterdams Peil in cm,2025-10-01T09:35:00Z,"c(4.10258, 51.366086)"
locatiesmetlaatstewaarneming.fid-25e367c2_19f8584639c_-5ce5,Wilhelminakanaal - Amertak,"Haghorst, sluis 4, boven",haghorst.sluis4.boven,"Haghorst, sluis 4, boven",Wilhelminakanaal - Amertak,Waterhoogte in Oppervlaktewater t.o.v. Normaal Amsterdams Peil in cm,2026-07-21T18:20:00Z,"c(5.207719, 51.498219)"
locatiesmetlaatstewaarneming.fid-25e367c2_19f8584639c_-5cc9,Wilhelminakanaal - Amertak,"Haghorst, sluis 4, schuif1",haghorst.sluis4.schuif1,"Haghorst, sluis 4, schuif1",Wilhelminakanaal - Amertak,Waterhoogte in Oppervlaktewater t.o.v. Normaal Amsterdams Peil in cm,2026-07-21T18:20:00Z,"c(5.207447, 51.497942)"
locatiesmetlaatstewaarneming.fid-25e367c2_19f8584639c_-5cb1,Wilhelminakanaal - Amertak,"Oosterhout, Marksluis, boven",oosterhout.marksluis.boven,"Oosterhout, Marksluis, boven",Wilhelminakanaal - Amertak,Waterhoogte in Oppervlaktewater t.o.v. Normaal Amsterdams Peil in cm,2026-07-21T18:20:00Z,"c(4.833494, 51.648139)"
locatiesmetlaatstewaarneming.fid-25e367c2_19f8584639c_-5c5c,Wilhelminakanaal - Amertak,"Oosterhout, sluis 1, boven",oosterhout.sluis1.boven,"Oosterhout, sluis 1, boven",Wilhelminakanaal - Amertak,Waterhoogte in Oppervlaktewater t.o.v. Normaal Amsterdams Peil in cm,2026-07-21T18:20:00Z,"c(4.83975, 51.643)"
locatiesmetlaatstewaarneming.fid-25e367c2_19f8584639c_-5c54,Wilhelminakanaal - Amertak,"Tilburg, sluis 2, boven",tilburg.sluis2.boven,"Tilburg, sluis 2, boven",Wilhelminakanaal - Amertak,Waterhoogte in Oppervlaktewater t.o.v. Normaal Amsterdams Peil in cm,2026-07-21T18:20:00Z,"c(4.9924, 51.59645)"
locatiesmetlaatstewaarneming.fid-25e367c2_19f8584639c_-5c48,Wilhelminakanaal - Amertak,"Tilburg, sluis 2, beneden",tilburg.sluis2.beneden,"Tilburg, sluis 2, beneden",Wilhelminakanaal - Amertak,Waterhoogte in Oppervlaktewater t.o.v. Normaal Amsterdams Peil in cm,2026-07-21T18:20:00Z,"c(4.9908, 51.59716)"
locatiesmetlaatstewaarneming.fid-25e367c2_19f8584639c_-5c31,Wilhelminakanaal - Amertak,"Haghorst, sluis 4, beneden",haghorst.sluis4.beneden,"Haghorst, sluis 4, beneden",Wilhelminakanaal - Amertak,Waterhoogte in Oppervlaktewater t.o.v. Normaal Amsterdams Peil in cm,2026-07-21T18:20:00Z,"c(5.206136, 51.498158)"
locatiesmetlaatstewaarneming.fid-25e367c2_19f8584639c_-5c2f,Wilhelminakanaal - Amertak,"Oosterhout, sluis 1, spuikanaal",oosterhout.sluis1.spuikanaal,"Oosterhout, sluis 1, spuikanaal",Wilhelminakanaal - Amertak,Waterhoogte in Oppervlaktewater t.o.v. Normaal Amsterdams Peil in cm,2026-07-21T18:20:00Z,"c(4.8393, 51.644)"
locatiesmetlaatstewaarneming.fid-25e367c2_19f8584639c_-5c25,Wilhelminakanaal - Amertak,"Tilburg, sluis 3, boven",tilburg.sluis3.boven,"Tilburg, sluis 3, boven",Wilhelminakanaal - Amertak,Waterhoogte in Oppervlaktewater t.o.v. Normaal Amsterdams Peil in cm,2026-07-21T18:20:00Z,"c(5.036, 51.5816)"
locatiesmetlaatstewaarneming.fid-25e367c2_19f8584639c_-5c16,Wilhelminakanaal - Amertak,"Tilburg, sluis 3, beneden",tilburg.sluis3.beneden,"Tilburg, sluis 3, beneden",Wilhelminakanaal - Amertak,Waterhoogte in Oppervlaktewater t.o.v. Normaal Amsterdams Peil in cm,2026-07-21T18:20:00Z,"c(5.0324, 51.582)"
locatiesmetlaatstewaarneming.fid-25e367c2_19f8584639c_-5b3b,Wilhelminakanaal - Amertak,"Haghorst, sluis 4, boven",haghorst.sluis4.boven,"Haghorst, sluis 4, boven",Wilhelminakanaal - Amertak,Waterhoogte in Oppervlaktewater t.o.v. Normaal Amsterdams Peil in cm,2025-11-27T00:50:00Z,"c(5.207719, 51.498219)"
locatiesmetlaatstewaarneming.fid-25e367c2_19f8584639c_-5b2d,Wilhelminakanaal - Amertak,"Haghorst, sluis 4, beneden",haghorst.sluis4.beneden,"Haghorst, sluis 4, beneden",Wilhelminakanaal - Amertak,Waterhoogte in Oppervlaktewater t.o.v. Normaal Amsterdams Peil in cm,2025-11-27T00:50:00Z,"c(5.206136, 51.498158)"
locatiesmetlaatstewaarneming.fid-25e367c2_19f8584639c_-5b24,Wilhelminakanaal - Amertak,"Haghorst, sluis 4, schuif1",haghorst.sluis4.schuif1,"Haghorst, sluis 4, schuif1",Wilhelminakanaal - Amertak,Waterhoogte in Oppervlaktewater t.o.v. Normaal Amsterdams Peil in cm,2025-11-27T00:50:00Z,"c(5.207447, 51.497942)"
locatiesmetlaatstewaarneming.fid-25e367c2_19f8584639c_-5b1a,Wilhelminakanaal - Amertak,"Tilburg, sluis 3, boven",tilburg.sluis3.boven,"Tilburg, sluis 3, boven",Wilhelminakanaal - Amertak,Waterhoogte in Oppervlaktewater t.o.v. Normaal Amsterdams Peil in cm,2025-11-27T00:50:00Z,"c(5.036, 51.5816)"
locatiesmetlaatstewaarneming.fid-25e367c2_19f8584639c_-5af8,Wilhelminakanaal - Amertak,"Oosterhout, sluis 1, spuikanaal",oosterhout.sluis1.spuikanaal,"Oosterhout, sluis 1, spuikanaal",Wilhelminakanaal - Amertak,Waterhoogte in Oppervlaktewater t.o.v. Normaal Amsterdams Peil in cm,2025-11-27T00:50:00Z,"c(4.8393, 51.644)"
locatiesmetlaatstewaarneming.fid-25e367c2_19f8584639c_-5af4,Wilhelminakanaal - Amertak,"Tilburg, sluis 2, beneden",tilburg.sluis2.beneden,"Tilburg, sluis 2, beneden",Wilhelminakanaal - Amertak,Waterhoogte in Oppervlaktewater t.o.v. Normaal Amsterdams Peil in cm,2025-11-27T00:50:00Z,"c(4.9908, 51.59716)"
locatiesmetlaatstewaarneming.fid-25e367c2_19f8584639c_-5af2,Wilhelminakanaal - Amertak,"Oosterhout, Marksluis, boven",oosterhout.marksluis.boven,"Oosterhout, Marksluis, boven",Wilhelminakanaal - Amertak,Waterhoogte in Oppervlaktewater t.o.v. Normaal Amsterdams Peil in cm,2025-11-27T00:50:00Z,"c(4.833494, 51.648139)"
locatiesmetlaatstewaarneming.fid-25e367c2_19f8584639c_-5af0,Wilhelminakanaal - Amertak,"Tilburg, sluis 2, boven",tilburg.sluis2.boven,"Tilburg, sluis 2, boven",Wilhelminakanaal - Amertak,Waterhoogte in Oppervlaktewater t.o.v. Normaal Amsterdams Peil in cm,2025-11-27T00:50:00Z,"c(4.9924, 51.59645)"
locatiesmetlaatstewaarneming.fid-25e367c2_19f8584639c_-5aec,Wilhelminakanaal - Amertak,"Tilburg, sluis 3, beneden",tilburg.sluis3.beneden,"Tilburg, sluis 3, beneden",Wilhelminakanaal - Amertak,Waterhoogte in Oppervlaktewater t.o.v. Normaal Amsterdams Peil in cm,2025-11-27T00:50:00Z,"c(5.0324, 51.582)"
locatiesmetlaatstewaarneming.fid-25e367c2_19f8584639c_-5aeb,Wilhelminakanaal - Amertak,"Oosterhout, sluis 1, boven",oosterhout.sluis1.boven,"Oosterhout, sluis 1, boven",Wilhelminakanaal - Amertak,Waterhoogte in Oppervlaktewater t.o.v. Normaal Amsterdams Peil in cm,2025-11-27T00:50:00Z,"c(4.83975, 51.643)"
locatiesmetlaatstewaarneming.fid-25e367c2_19f8584639c_-5d1e,Zuid-Willemsvaart (Brabantse tak),"Someren, sluis 13",someren.sluis13,ADM,Zuid-Willemsvaart (Brabantse tak),Waterhoogte in Oppervlaktewater t.o.v. Normaal Amsterdams Peil in cm,2026-07-21T18:10:00Z,"c(5.7467, 51.3302)"
locatiesmetlaatstewaarneming.fid-25e367c2_19f8584639c_-5d19,Zuid-Willemsvaart (Brabantse tak),"Aarle Rixtel, Schabbert, boven",aarlerixtel.schabbert.boven,"Aarle Rixtel, Schabbert, boven",Zuid-Willemsvaart (Brabantse tak),Waterhoogte in Oppervlaktewater t.o.v. Normaal Amsterdams Peil in cm,2026-07-21T18:20:00Z,"c(5.6542, 51.5205)"
locatiesmetlaatstewaarneming.fid-25e367c2_19f8584639c_-5d0e,Zuid-Willemsvaart (Brabantse tak),"Someren, sluis 11, boven",someren.sluis11.boven,"Someren, sluis 11, boven",Zuid-Willemsvaart (Brabantse tak),Waterhoogte in Oppervlaktewater t.o.v. Normaal Amsterdams Peil in cm,2026-07-21T18:10:00Z,"c(5.7277, 51.3953)"
locatiesmetlaatstewaarneming.fid-25e367c2_19f8584639c_-5d0a,Zuid-Willemsvaart (Brabantse tak),"Someren, sluis 12, boven",someren.sluis12.boven,"Someren, sluis 12, boven",Zuid-Willemsvaart (Brabantse tak),Waterhoogte in Oppervlaktewater t.o.v. Normaal Amsterdams Peil in cm,2026-07-21T18:20:00Z,"c(5.74345, 51.34945)"
locatiesmetlaatstewaarneming.fid-25e367c2_19f8584639c_-5cf0,Zuid-Willemsvaart (Brabantse tak),"Someren, sluis 12, beneden",someren.sluis12.beneden,"Someren, sluis 12, beneden",Zuid-Willemsvaart (Brabantse tak),Waterhoogte in Oppervlaktewater t.o.v. Normaal Amsterdams Peil in cm,2026-07-21T18:20:00Z,"c(5.74324, 51.3507)"
locatiesmetlaatstewaarneming.fid-25e367c2_19f8584639c_-5ce7,Zuid-Willemsvaart (Brabantse tak),"Beek en donk, sluis 6, boven",beekendonk.sluis6.boven,"Beek en donk, sluis 6, boven",Zuid-Willemsvaart (Brabantse tak),Waterhoogte in Oppervlaktewater t.o.v. Normaal Amsterdams Peil in cm,2026-07-21T18:10:00Z,"c(5.6343, 51.5369)"
locatiesmetlaatstewaarneming.fid-25e367c2_19f8584639c_-5ce3,Zuid-Willemsvaart (Brabantse tak),"Veghel, sluis 4, beneden",veghel.sluis4.beneden,"Veghel, sluis 4, beneden",Zuid-Willemsvaart (Brabantse tak),Waterhoogte in Oppervlaktewater t.o.v. Normaal Amsterdams Peil in cm,2026-07-21T18:10:00Z,"c(5.5306, 51.60915)"
locatiesmetlaatstewaarneming.fid-25e367c2_19f8584639c_-5cd5,Zuid-Willemsvaart (Brabantse tak),"Erp, sluis 5, boven",erp.sluis5.boven,"Erp, sluis 5, boven",Zuid-Willemsvaart (Brabantse tak),Waterhoogte in Oppervlaktewater t.o.v. Normaal Amsterdams Peil in cm,2026-07-21T18:10:00Z,"c(5.587317, 51.576461)"
locatiesmetlaatstewaarneming.fid-25e367c2_19f8584639c_-5ccd,Zuid-Willemsvaart (Brabantse tak),"Veghel, sluis 4, boven",veghel.sluis4.boven,"Veghel, sluis 4, boven",Zuid-Willemsvaart (Brabantse tak),Waterhoogte in Oppervlaktewater t.o.v. Normaal Amsterdams Peil in cm,2026-07-21T18:10:00Z,"c(5.5323, 51.60825)"
locatiesmetlaatstewaarneming.fid-25e367c2_19f8584639c_-5cb3,Zuid-Willemsvaart (Brabantse tak),"Beek en donk, sluis 6, beneden",beekendonk.sluis6.beneden,"Beek en donk, sluis 6, beneden",Zuid-Willemsvaart (Brabantse tak),Waterhoogte in Oppervlaktewater t.o.v. Normaal Amsterdams Peil in cm,2026-07-21T18:10:00Z,"c(5.633, 51.538)"
locatiesmetlaatstewaarneming.fid-25e367c2_19f8584639c_-5c98,Zuid-Willemsvaart (Brabantse tak),"Someren, sluis 13, beneden",someren.sluis13.beneden,"Someren, sluis 13, beneden",Zuid-Willemsvaart (Brabantse tak),Waterhoogte in Oppervlaktewater t.o.v. Normaal Amsterdams Peil in cm,2026-07-21T18:10:00Z,"c(5.7466, 51.3309)"
locatiesmetlaatstewaarneming.fid-25e367c2_19f8584639c_-5c91,Zuid-Willemsvaart (Brabantse tak),"Schijndel, sluis, beneden",schijndel.sluis.beneden,"Schijndel, sluis, beneden",Zuid-Willemsvaart (Brabantse tak),Waterhoogte in Oppervlaktewater t.o.v. Normaal Amsterdams Peil in cm,2026-07-21T18:20:00Z,"c(5.442469, 51.648831)"
locatiesmetlaatstewaarneming.fid-25e367c2_19f8584639c_-5c4c,Zuid-Willemsvaart (Brabantse tak),"Schijndel, sluis, boven",schijndel.sluis.boven,"Schijndel, sluis, boven",Zuid-Willemsvaart (Brabantse tak),Waterhoogte in Oppervlaktewater t.o.v. Normaal Amsterdams Peil in cm,2026-07-21T18:20:00Z,"c(5.445819, 51.648347)"
locatiesmetlaatstewaarneming.fid-25e367c2_19f8584639c_-5c2e,Zuid-Willemsvaart (Brabantse tak),"Someren, sluis 11, beneden",someren.sluis11.beneden,"Someren, sluis 11, beneden",Zuid-Willemsvaart (Brabantse tak),Waterhoogte in Oppervlaktewater t.o.v. Normaal Amsterdams Peil in cm,2026-07-21T18:10:00Z,"c(5.7264, 51.39615)"
locatiesmetlaatstewaarneming.fid-25e367c2_19f8584639c_-5c1b,Zuid-Willemsvaart (Brabantse tak),"Schijndel, sluis, spuikanaal",schijndel.sluis.spuikanaal,"Schijndel, sluis, spuikanaal",Zuid-Willemsvaart (Brabantse tak),Waterhoogte in Oppervlaktewater t.o.v. Normaal Amsterdams Peil in cm,2026-07-21T18:20:00Z,"c(5.443464, 51.648311)"
locatiesmetlaatstewaarneming.fid-25e367c2_19f8584639c_-5c12,Zuid-Willemsvaart (Brabantse tak),"Someren, sluis 13, boven",someren.sluis13.boven,"Someren, sluis 13, boven",Zuid-Willemsvaart (Brabantse tak),Waterhoogte in Oppervlaktewater t.o.v. Normaal Amsterdams Peil in cm,2026-07-21T18:10:00Z,"c(5.7468, 51.3296)"
locatiesmetlaatstewaarneming.fid-25e367c2_19f8584639c_-5c0b,Zuid-Willemsvaart (Brabantse tak),"Erp, sluis 5, beneden",erp.sluis5.beneden,"Erp, sluis 5, beneden",Zuid-Willemsvaart (Brabantse tak),Waterhoogte in Oppervlaktewater t.o.v. Normaal Amsterdams Peil in cm,2026-07-21T18:10:00Z,"c(5.586153, 51.577442)"
locatiesmetlaatstewaarneming.fid-25e367c2_19f8584639c_-5c08,Zuid-Willemsvaart (Brabantse tak),"Lierop, sluis 10, beneden",lierop.sluis10.beneden,"Lierop, sluis 10, beneden",Zuid-Willemsvaart (Brabantse tak),Waterhoogte in Oppervlaktewater t.o.v. Normaal Amsterdams Peil in cm,2026-07-21T18:10:00Z,"c(5.701031, 51.416914)"
locatiesmetlaatstewaarneming.fid-25e367c2_19f8584639c_-5bf7,Zuid-Willemsvaart (Brabantse tak),"Helmond, sluis, boven",helmond.sluis.boven,"Helmond, sluis, boven",Zuid-Willemsvaart (Brabantse tak),Waterhoogte in Oppervlaktewater t.o.v. Normaal Amsterdams Peil in cm,2026-07-21T18:20:00Z,"c(5.693609, 51.44851)"
locatiesmetlaatstewaarneming.fid-25e367c2_19f8584639c_-5b44,Zuid-Willemsvaart (Brabantse tak),"Someren, sluis 13",someren.sluis13,ADM,Zuid-Willemsvaart (Brabantse tak),Waterhoogte in Oppervlaktewater t.o.v. Normaal Amsterdams Peil in cm,2025-11-27T00:40:00Z,"c(5.7467, 51.3302)"
locatiesmetlaatstewaarneming.fid-25e367c2_19f8584639c_-5b43,Zuid-Willemsvaart (Brabantse tak),"Helmond, sluis, boven",helmond.sluis.boven,"Helmond, sluis, boven",Zuid-Willemsvaart (Brabantse tak),Waterhoogte in Oppervlaktewater t.o.v. Normaal Amsterdams Peil in cm,2025-11-27T00:50:00Z,"c(5.693609, 51.44851)"
locatiesmetlaatstewaarneming.fid-25e367c2_19f8584639c_-5b3f,Zuid-Willemsvaart (Brabantse tak),"Someren, sluis 11, boven",someren.sluis11.boven,"Someren, sluis 11, boven",Zuid-Willemsvaart (Brabantse tak),Waterhoogte in Oppervlaktewater t.o.v. Normaal Amsterdams Peil in cm,2025-11-27T00:40:00Z,"c(5.7277, 51.3953)"
locatiesmetlaatstewaarneming.fid-25e367c2_19f8584639c_-5b3d,Zuid-Willemsvaart (Brabantse tak),"Beek en donk, sluis 6, beneden",beekendonk.sluis6.beneden,"Beek en donk, sluis 6, beneden",Zuid-Willemsvaart (Brabantse tak),Waterhoogte in Oppervlaktewater t.o.v. Normaal Amsterdams Peil in cm,2025-11-27T00:50:00Z,"c(5.633, 51.538)"
locatiesmetlaatstewaarneming.fid-25e367c2_19f8584639c_-5b3a,Zuid-Willemsvaart (Brabantse tak),"Erp, sluis 5, boven",erp.sluis5.boven,"Erp, sluis 5, boven",Zuid-Willemsvaart (Brabantse tak),Waterhoogte in Oppervlaktewater t.o.v. Normaal Amsterdams Peil in cm,2025-11-27T00:40:00Z,"c(5.587317, 51.576461)"
locatiesmetlaatstewaarneming.fid-25e367c2_19f8584639c_-5b36,Zuid-Willemsvaart (Brabantse tak),"Beek en donk, sluis 6, boven",beekendonk.sluis6.boven,"Beek en donk, sluis 6, boven",Zuid-Willemsvaart (Brabantse tak),Waterhoogte in Oppervlaktewater t.o.v. Normaal Amsterdams Peil in cm,2025-11-27T00:50:00Z,"c(5.6343, 51.5369)"
locatiesmetlaatstewaarneming.fid-25e367c2_19f8584639c_-5b33,Zuid-Willemsvaart (Brabantse tak),"Someren, sluis 11, beneden",someren.sluis11.beneden,"Someren, sluis 11, beneden",Zuid-Willemsvaart (Brabantse tak),Waterhoogte in Oppervlaktewater t.o.v. Normaal Amsterdams Peil in cm,2025-11-27T00:40:00Z,"c(5.7264, 51.39615)"
locatiesmetlaatstewaarneming.fid-25e367c2_19f8584639c_-5b2a,Zuid-Willemsvaart (Brabantse tak),"Lierop, sluis 10, beneden",lierop.sluis10.beneden,"Lierop, sluis 10, beneden",Zuid-Willemsvaart (Brabantse tak),Waterhoogte in Oppervlaktewater t.o.v. Normaal Amsterdams Peil in cm,2025-11-27T00:40:00Z,"c(5.701031, 51.416914)"
locatiesmetlaatstewaarneming.fid-25e367c2_19f8584639c_-5b29,Zuid-Willemsvaart (Brabantse tak),"Someren, sluis 13, boven",someren.sluis13.boven,"Someren, sluis 13, boven",Zuid-Willemsvaart (Brabantse tak),Waterhoogte in Oppervlaktewater t.o.v. Normaal Amsterdams Peil in cm,2025-11-27T00:40:00Z,"c(5.7468, 51.3296)"
locatiesmetlaatstewaarneming.fid-25e367c2_19f8584639c_-5b26,Zuid-Willemsvaart (Brabantse tak),"Erp, sluis 5, beneden",erp.sluis5.beneden,"Erp, sluis 5, beneden",Zuid-Willemsvaart (Brabantse tak),Waterhoogte in Oppervlaktewater t.o.v. Normaal Amsterdams Peil in cm,2025-11-27T00:40:00Z,"c(5.586153, 51.577442)"
locatiesmetlaatstewaarneming.fid-25e367c2_19f8584639c_-5b22,Zuid-Willemsvaart (Brabantse tak),"Veghel, sluis 4, boven",veghel.sluis4.boven,"Veghel, sluis 4, boven",Zuid-Willemsvaart (Brabantse tak),Waterhoogte in Oppervlaktewater t.o.v. Normaal Amsterdams Peil in cm,2025-11-27T00:40:00Z,"c(5.5323, 51.60825)"
locatiesmetlaatstewaarneming.fid-25e367c2_19f8584639c_-5b20,Zuid-Willemsvaart (Brabantse tak),"Someren, sluis 13, beneden",someren.sluis13.beneden,"Someren, sluis 13, beneden",Zuid-Willemsvaart (Brabantse tak),Waterhoogte in Oppervlaktewater t.o.v. Normaal Amsterdams Peil in cm,2025-11-27T00:40:00Z,"c(5.7466, 51.3309)"
locatiesmetlaatstewaarneming.fid-25e367c2_19f8584639c_-5b17,Zuid-Willemsvaart (Brabantse tak),"Aarle Rixtel, Schabbert, boven",aarlerixtel.schabbert.boven,"Aarle Rixtel, Schabbert, boven",Zuid-Willemsvaart (Brabantse tak),Waterhoogte in Oppervlaktewater t.o.v. Normaal Amsterdams Peil in cm,2025-11-27T00:50:00Z,"c(5.6542, 51.5205)"
locatiesmetlaatstewaarneming.fid-25e367c2_19f8584639c_-5aff,Zuid-Willemsvaart (Brabantse tak),"Schijndel, sluis, boven",schijndel.sluis.boven,"Schijndel, sluis, boven",Zuid-Willemsvaart (Brabantse tak),Waterhoogte in Oppervlaktewater t.o.v. Normaal Amsterdams Peil in cm,2025-11-27T00:50:00Z,"c(5.445819, 51.648347)"
locatiesmetlaatstewaarneming.fid-25e367c2_19f8584639c_-5afa,Zuid-Willemsvaart (Brabantse tak),"Schijndel, sluis, spuikanaal",schijndel.sluis.spuikanaal,"Schijndel, sluis, spuikanaal",Zuid-Willemsvaart (Brabantse tak),Waterhoogte in Oppervlaktewater t.o.v. Normaal Amsterdams Peil in cm,2025-11-27T00:50:00Z,"c(5.443464, 51.648311)"
locatiesmetlaatstewaarneming.fid-25e367c2_19f8584639c_-5af5,Zuid-Willemsvaart (Brabantse tak),"Schijndel, sluis, beneden",schijndel.sluis.beneden,"Schijndel, sluis, beneden",Zuid-Willemsvaart (Brabantse tak),Waterhoogte in Oppervlaktewater t.o.v. Normaal Amsterdams Peil in cm,2025-11-27T00:50:00Z,"c(5.442469, 51.648831)"
locatiesmetlaatstewaarneming.fid-25e367c2_19f8584639c_-5ae9,Zuid-Willemsvaart (Brabantse tak),"Veghel, sluis 4, beneden",veghel.sluis4.beneden,"Veghel, sluis 4, beneden",Zuid-Willemsvaart (Brabantse tak),Waterhoogte in Oppervlaktewater t.o.v. Normaal Amsterdams Peil in cm,2025-11-27T00:40:00Z,"c(5.5306, 51.60915)"
locatiesmetlaatstewaarneming.fid-25e367c2_19f8584639c_-5d11,Zuid-Willemsvaart (Limburgse tak),"Weert, sluis 16, beneden",weert.sluis16.beneden,"Weert, sluis 16, beneden",Zuid-Willemsvaart (Limburgse tak),Waterhoogte in Oppervlaktewater t.o.v. Normaal Amsterdams Peil in cm,2026-07-21T18:20:00Z,"c(5.669381, 51.245947)"
locatiesmetlaatstewaarneming.fid-25e367c2_19f8584639c_-5d0c,Zuid-Willemsvaart (Limburgse tak),"Weert, Lozen",weert.lozen,km 50,Zuid-Willemsvaart (Limburgse tak),Waterhoogte in Oppervlaktewater t.o.v. Normaal Amsterdams Peil in cm,2026-07-21T18:20:00Z,"c(5.602491, 51.223141)"
locatiesmetlaatstewaarneming.fid-25e367c2_19f8584639c_-5c93,Zuid-Willemsvaart (Limburgse tak),"Weert, sluis 16, boven",weert.sluis16.boven,"Weert, sluis 16, boven",Zuid-Willemsvaart (Limburgse tak),Waterhoogte in Oppervlaktewater t.o.v. Normaal Amsterdams Peil in cm,2026-07-21T18:20:00Z,"c(5.666583, 51.245056)"
locatiesmetlaatstewaarneming.fid-25e367c2_19f8584639c_-5c47,Zuid-Willemsvaart (Limburgse tak),"Nederweert, sluis 15, boven",nederweert.sluis15.boven,"Nederweert, sluis 15, boven",Zuid-Willemsvaart (Limburgse tak),Waterhoogte in Oppervlaktewater t.o.v. Normaal Amsterdams Peil in cm,2026-07-21T18:20:00Z,"c(5.7497, 51.2728)"
locatiesmetlaatstewaarneming.fid-25e367c2_19f8584639c_-5b2f,Zuid-Willemsvaart (Limburgse tak),"Weert, Lozen",weert.lozen,km 50,Zuid-Willemsvaart (Limburgse tak),Waterhoogte in Oppervlaktewater t.o.v. Normaal Amsterdams Peil in cm,2025-11-27T00:50:00Z,"c(5.602491, 51.223141)"
locatiesmetlaatstewaarneming.fid-25e367c2_19f8584639c_-5b19,Zuid-Willemsvaart (Limburgse tak),"Nederweert, sluis 15, boven",nederweert.sluis15.boven,"Nederweert, sluis 15, boven",Zuid-Willemsvaart (Limburgse tak),Waterhoogte in Oppervlaktewater t.o.v. Normaal Amsterdams Peil in cm,2025-11-27T00:50:00Z,"c(5.7497, 51.2728)"
locatiesmetlaatstewaarneming.fid-25e367c2_19f8584639c_-5ada,Zuid-Willemsvaart (Limburgse tak),"Weert, sluis 16, boven",weert.sluis16.boven,"Weert, sluis 16, boven",Zuid-Willemsvaart (Limburgse tak),Waterhoogte in Oppervlaktewater t.o.v. Normaal Amsterdams Peil in cm,2025-11-27T00:50:00Z,"c(5.666583, 51.245056)"
locatiesmetlaatstewaarneming.fid-25e367c2_19f8584639c_-5ad9,Zuid-Willemsvaart (Limburgse tak),"Weert, sluis 16, beneden",weert.sluis16.beneden,"Weert, sluis 16, beneden",Zuid-Willemsvaart (Limburgse tak),Waterhoogte in Oppervlaktewater t.o.v. Normaal Amsterdams Peil in cm,2025-11-27T00:50:00Z,"c(5.669381, 51.245947)"
locatiesmetlaatstewaarneming.fid-25e367c2_19f8584639c_-5c3f,Spui,"Zuidland, Spui",zuidland.spui,"Zuidland, Spui",Spui,Waterhoogte in Oppervlaktewater t.o.v. Normaal Amsterdams Peil in cm,2026-07-21T18:20:00Z,"c(4.282919, 51.80555)"
locatiesmetlaatstewaarneming.fid-25e367c2_19f8584639c_-5b9f,Spui,"Zuidland, Spui",zuidland.spui,"Zuidland, Spui",Spui,Waterhoogte in Oppervlaktewater t.o.v. Normaal Amsterdams Peil in cm,2025-11-27T00:50:00Z,"c(4.282919, 51.80555)"
locatiesmetlaatstewaarneming.fid-25e367c2_19f8584639c_-5d1b,Twentekanalen,Almen,almen,Almen,Twentekanalen,Waterhoogte in Oppervlaktewater t.o.v. Normaal Amsterdams Peil in cm,2026-07-21T18:20:00Z,"c(6.28472, 52.165824)"
locatiesmetlaatstewaarneming.fid-25e367c2_19f8584639c_-5cf6,Twentekanalen,"Eefde, sluis, beneden",eefde.sluis.beneden,"Eefde, sluis, beneden",Twentekanalen,Waterhoogte in Oppervlaktewater t.o.v. Normaal Amsterdams Peil in cm,2026-07-21T18:20:00Z,"c(6.22836, 52.159061)"
locatiesmetlaatstewaarneming.fid-25e367c2_19f8584639c_-5cc5,Twentekanalen,"Delden, sluis, beneden",delden.sluis.beneden,"Delden, sluis, beneden",Twentekanalen,Waterhoogte in Oppervlaktewater t.o.v. Normaal Amsterdams Peil in cm,2026-07-21T18:20:00Z,"c(6.6754, 52.2457)"
locatiesmetlaatstewaarneming.fid-25e367c2_19f8584639c_-5ca4,Twentekanalen,"Eefde, sluis, boven",eefde.sluis.boven,"Eefde, sluis, boven",Twentekanalen,Waterhoogte in Oppervlaktewater t.o.v. Normaal Amsterdams Peil in cm,2026-07-21T18:20:00Z,"c(6.238, 52.161)"
locatiesmetlaatstewaarneming.fid-25e367c2_19f8584639c_-5c9f,Twentekanalen,"Hengelo, sluis, beneden",hengelo.sluis.beneden,"Hengelo, sluis, beneden",Twentekanalen,Waterhoogte in Oppervlaktewater t.o.v. Normaal Amsterdams Peil in cm,2026-07-21T18:20:00Z,"c(6.802, 52.2464)"
locatiesmetlaatstewaarneming.fid-25e367c2_19f8584639c_-5c6b,Twentekanalen,"Hengelo, sluis, boven",hengelo.sluis.boven,"Hengelo, sluis, boven",Twentekanalen,Waterhoogte in Oppervlaktewater t.o.v. Normaal Amsterdams Peil in cm,2026-07-21T18:20:00Z,"c(6.8064, 52.2459)"
locatiesmetlaatstewaarneming.fid-25e367c2_19f8584639c_-5c52,Twentekanalen,"Delden, sluis, boven",delden.sluis.boven,"Delden, sluis, boven",Twentekanalen,Waterhoogte in Oppervlaktewater t.o.v. Normaal Amsterdams Peil in cm,2026-07-21T18:20:00Z,"c(6.6793, 52.2472)"
locatiesmetlaatstewaarneming.fid-25e367c2_19f8584639c_-5c3c,Twentekanalen,Aadorp,aadorp,Aadorp,Twentekanalen,Waterhoogte in Oppervlaktewater t.o.v. Normaal Amsterdams Peil in cm,2026-07-21T18:20:00Z,"c(6.6333, 52.3726)"
locatiesmetlaatstewaarneming.fid-25e367c2_19f8584639c_-5c21,Twentekanalen,Markelo,markelo,voorheen Markelose brug,Twentekanalen,Waterhoogte in Oppervlaktewater t.o.v. Normaal Amsterdams Peil in cm,2026-07-21T18:20:00Z,"c(6.511601, 52.198063)"
locatiesmetlaatstewaarneming.fid-25e367c2_19f8584639c_-5c18,Twentekanalen,"Hengelo, Koppelleiding",hengelo.koppelleiding,"Hengelo, Koppelleiding",Twentekanalen,Waterhoogte in Oppervlaktewater t.o.v. Normaal Amsterdams Peil in cm,2026-07-21T18:20:00Z,"c(6.801732, 52.246826)"
locatiesmetlaatstewaarneming.fid-25e367c2_19f8584639c_-5b42,Twentekanalen,Aadorp,aadorp,Aadorp,Twentekanalen,Waterhoogte in Oppervlaktewater t.o.v. Normaal Amsterdams Peil in cm,2025-11-27T00:50:00Z,"c(6.6333, 52.3726)"
locatiesmetlaatstewaarneming.fid-25e367c2_19f8584639c_-5b41,Twentekanalen,Markelo,markelo,voorheen Markelose brug,Twentekanalen,Waterhoogte in Oppervlaktewater t.o.v. Normaal Amsterdams Peil in cm,2025-11-27T00:50:00Z,"c(6.511601, 52.198063)"
locatiesmetlaatstewaarneming.fid-25e367c2_19f8584639c_-5b3e,Twentekanalen,"Eefde, sluis, boven",eefde.sluis.boven,"Eefde, sluis, boven",Twentekanalen,Waterhoogte in Oppervlaktewater t.o.v. Normaal Amsterdams Peil in cm,2025-11-27T00:50:00Z,"c(6.238, 52.161)"
locatiesmetlaatstewaarneming.fid-25e367c2_19f8584639c_-5b34,Twentekanalen,"Hengelo, Koppelleiding",hengelo.koppelleiding,"Hengelo, Koppelleiding",Twentekanalen,Waterhoogte in Oppervlaktewater t.o.v. Normaal Amsterdams Peil in cm,2025-11-27T00:50:00Z,"c(6.801732, 52.246826)"
locatiesmetlaatstewaarneming.fid-25e367c2_19f8584639c_-5b32,Twentekanalen,"Hengelo, sluis, beneden",hengelo.sluis.beneden,"Hengelo, sluis, beneden",Twentekanalen,Waterhoogte in Oppervlaktewater t.o.v. Normaal Amsterdams Peil in cm,2025-11-27T00:50:00Z,"c(6.802, 52.2464)"
locatiesmetlaatstewaarneming.fid-25e367c2_19f8584639c_-5b25,Twentekanalen,"Delden, sluis, beneden",delden.sluis.beneden,"Delden, sluis, beneden",Twentekanalen,Waterhoogte in Oppervlaktewater t.o.v. Normaal Amsterdams Peil in cm,2025-11-27T00:50:00Z,"c(6.6754, 52.2457)"
locatiesmetlaatstewaarneming.fid-25e367c2_19f8584639c_-5b1f,Twentekanalen,Almen,almen,Almen,Twentekanalen,Waterhoogte in Oppervlaktewater t.o.v. Normaal Amsterdams Peil in cm,2025-11-27T00:50:00Z,"c(6.28472, 52.165824)"
locatiesmetlaatstewaarneming.fid-25e367c2_19f8584639c_-5b1d,Twentekanalen,"Hengelo, sluis, boven",hengelo.sluis.boven,"Hengelo, sluis, boven",Twentekanalen,Waterhoogte in Oppervlaktewater t.o.v. Normaal Amsterdams Peil in cm,2025-11-27T00:50:00Z,"c(6.8064, 52.2459)"
locatiesmetlaatstewaarneming.fid-25e367c2_19f8584639c_-5b18,Twentekanalen,"Delden, sluis, boven",delden.sluis.boven,"Delden, sluis, boven",Twentekanalen,Waterhoogte in Oppervlaktewater t.o.v. Normaal Amsterdams Peil in cm,2025-11-27T00:50:00Z,"c(6.6793, 52.2472)"
locatiesmetlaatstewaarneming.fid-25e367c2_19f8584639c_-5b0e,Twentekanalen,"Eefde, sluis, beneden",eefde.sluis.beneden,"Eefde, sluis, beneden",Twentekanalen,Waterhoogte in Oppervlaktewater t.o.v. Normaal Amsterdams Peil in cm,2025-11-27T00:50:00Z,"c(6.22836, 52.159061)"
locatiesmetlaatstewaarneming.fid-25e367c2_19f8584639c_-5d25,Van Starkenborghkanaal,Grijpskerk Gaarkeuken oost,grijpskerk.gaarkeuken.oost,Grijpskerk Gaarkeuken oost,Van Starkenborghkanaal,Waterhoogte in Oppervlaktewater t.o.v. Normaal Amsterdams Peil in cm,2026-07-21T17:30:00Z,"c(6.317575, 53.24909)"
locatiesmetlaatstewaarneming.fid-25e367c2_19f8584639c_-5c8c,Van Starkenborghkanaal,Dorkwerd Reitdiep,dorkwerd.reitdiep,vh binnen,Van Starkenborghkanaal,Waterhoogte in Oppervlaktewater t.o.v. Normaal Amsterdams Peil in cm,2026-07-21T18:00:00Z,"c(6.509171, 53.256512)"
locatiesmetlaatstewaarneming.fid-25e367c2_19f8584639c_-5c23,Van Starkenborghkanaal,Eibersburen,eibersburen,Eibersburen,Van Starkenborghkanaal,Waterhoogte in Oppervlaktewater t.o.v. Normaal Amsterdams Peil in cm,2026-07-21T18:00:00Z,"c(6.252968, 53.24225)"
locatiesmetlaatstewaarneming.fid-25e367c2_19f8584639c_-5c0e,Van Starkenborghkanaal,Grijpskerk Gaarkeuken west,grijpskerk.gaarkeuken.west,Grijpskerk Gaarkeuken west,Van Starkenborghkanaal,Waterhoogte in Oppervlaktewater t.o.v. Normaal Amsterdams Peil in cm,2026-07-21T17:30:00Z,"c(6.305834, 53.247767)"
locatiesmetlaatstewaarneming.fid-25e367c2_19f8584639c_-5bfa,Van Starkenborghkanaal,Groningen,groningen,Groningen,Van Starkenborghkanaal,Waterhoogte in Oppervlaktewater t.o.v. Normaal Amsterdams Peil in cm,2026-07-21T17:30:00Z,"c(6.591879, 53.228119)"
locatiesmetlaatstewaarneming.fid-25e367c2_19f8584639c_-5ca3,Veerse Meer,Kast Zanskreeksluis kolk1,kats.zandkreeksluis.kolk1,Kast Zanskreeksluis kolk1,Veerse Meer,Waterhoogte in Oppervlaktewater t.o.v. Normaal Amsterdams Peil in cm,2026-07-21T18:20:00Z,"c(3.862662, 51.543685)"
locatiesmetlaatstewaarneming.fid-25e367c2_19f8584639c_-5c7d,Veerse Meer,"Kamperland, Schotsman",kamperland.schotsman,"Kamperland, Schotsman",Veerse Meer,Waterhoogte in Oppervlaktewater t.o.v. Normaal Amsterdams Peil in cm,2026-07-21T18:20:00Z,"c(3.643279, 51.581616)"
locatiesmetlaatstewaarneming.fid-25e367c2_19f8584639c_-5c1f,Veerse Meer,Arnemuiden Oranjeplaat,arnemuiden.oranjeplaat,Arnemuiden Oranjeplaat,Veerse Meer,Waterhoogte in Oppervlaktewater t.o.v. Normaal Amsterdams Peil in cm,2026-07-21T18:20:00Z,"c(3.70014, 51.51661)"
locatiesmetlaatstewaarneming.fid-25e367c2_19f8584639c_-5acf,Veerse Meer,"Kamperland, Schotsman, Ruiterplaat",kamperland.schotsman.ruiterplaat,"Kamperland, Schotsman, Ruiterplaat",Veerse Meer,Waterhoogte in Oppervlaktewater t.o.v. Normaal Amsterdams Peil in cm,2025-10-01T00:50:00Z,"c(3.643262, 51.581568)"
locatiesmetlaatstewaarneming.fid-25e367c2_19f8584639c_-5acb,Veerse Meer,Kats binnen,katsbinnen,Kats binnen,Veerse Meer,Waterhoogte in Oppervlaktewater t.o.v. Normaal Amsterdams Peil in cm,2025-10-01T00:50:00Z,"c(3.86283, 51.543733)"
locatiesmetlaatstewaarneming.fid-25e367c2_19f8584639c_-5ac4,Veerse Meer,Arnemuiden Oranjeplaat,arnemuiden.oranjeplaat,Arnemuiden Oranjeplaat,Veerse Meer,Waterhoogte in Oppervlaktewater t.o.v. Normaal Amsterdams Peil in cm,2026-04-01T00:50:00Z,"c(3.70014, 51.51661)"
locatiesmetlaatstewaarneming.fid-25e367c2_19f8584639c_-5ac1,Veerse Meer,"Kats, Zandkreeksluis",kats.zandkreeksluis,voorheen buiten,Veerse Meer,Waterhoogte in Oppervlaktewater t.o.v. Normaal Amsterdams Peil in cm,2025-10-01T00:50:00Z,"c(3.865418, 51.543947)"
locatiesmetlaatstewaarneming.fid-25e367c2_19f8584639c_-5ab2,Veerse Meer,"Kats, Zandkreeksluis",kats.zandkreeksluis,voorheen buiten,Veerse Meer,Waterhoogte in Oppervlaktewater t.o.v. Normaal Amsterdams Peil in cm,2025-11-27T00:50:00Z,"c(3.865418, 51.543947)"
locatiesmetlaatstewaarneming.fid-25e367c2_19f8584639c_-5a8c,Veerse Meer,"Kats, Zandkreeksluis",kats.zandkreeksluis,voorheen buiten,Veerse Meer,Waterhoogte in Oppervlaktewater t.o.v. Normaal Amsterdams Peil in cm,2025-09-23T11:15:00Z,"c(3.865418, 51.543947)"
locatiesmetlaatstewaarneming.fid-25e367c2_19f8584639c_-5a77,Veerse Meer,Kats binnen,katsbinnen,Kats binnen,Veerse Meer,Waterhoogte in Oppervlaktewater t.o.v. Normaal Amsterdams Peil in cm,2026-04-01T00:50:00Z,"c(3.86283, 51.543733)"
locatiesmetlaatstewaarneming.fid-25e367c2_19f8584639c_-5a76,Veerse Meer,"Kamperland, Schotsman, Ruiterplaat",kamperland.schotsman.ruiterplaat,"Kamperland, Schotsman, Ruiterplaat",Veerse Meer,Waterhoogte in Oppervlaktewater t.o.v. Normaal Amsterdams Peil in cm,2026-04-01T00:50:00Z,"c(3.643262, 51.581568)"
locatiesmetlaatstewaarneming.fid-25e367c2_19f8584639c_-5ca2,Voedingskanalen van de Zuid-Willemsvaart,"Nederweert, sluis 15, voedingskanaal",nederweert.sluis15.voedingskanaal,"Nederweert, sluis 15, voedingskanaal",Voedingskanalen van de Zuid-Willemsvaart,Waterhoogte in Oppervlaktewater t.o.v. Normaal Amsterdams Peil in cm,2026-07-21T18:20:00Z,"c(5.7516, 51.27268)"
locatiesmetlaatstewaarneming.fid-25e367c2_19f8584639c_-5b3c,Voedingskanalen van de Zuid-Willemsvaart,"Nederweert, sluis 15, voedingskanaal",nederweert.sluis15.voedingskanaal,"Nederweert, sluis 15, voedingskanaal",Voedingskanalen van de Zuid-Willemsvaart,Waterhoogte in Oppervlaktewater t.o.v. Normaal Amsterdams Peil in cm,2025-11-27T00:50:00Z,"c(5.7516, 51.27268)"
locatiesmetlaatstewaarneming.fid-25e367c2_19f8584639c_-5cf8,Volkerak-Zoommeer,"Dinteloord, Volkerak",dinteloord.volkerak,"Dinteloord, Volkerak",Volkerak-Zoommeer,Waterhoogte in Oppervlaktewater t.o.v. Normaal Amsterdams Peil in cm,2026-07-21T18:20:00Z,"c(4.316483, 51.65291)"
locatiesmetlaatstewaarneming.fid-25e367c2_19f8584639c_-5ad4,Volkerak-Zoommeer,"Dinteloord, Volkerak, voorheen boei NV3",dinteloord.volkerak.voorheenboeinv3,"Dinteloord, Volkerak, voorheen boei NV3",Volkerak-Zoommeer,Waterhoogte in Oppervlaktewater t.o.v. Normaal Amsterdams Peil in cm,2025-10-01T00:50:00Z,"c(4.316622, 51.652966)"
locatiesmetlaatstewaarneming.fid-25e367c2_19f8584639c_-5a79,Volkerak-Zoommeer,"Dinteloord, Volkerak, voorheen boei NV3",dinteloord.volkerak.voorheenboeinv3,"Dinteloord, Volkerak, voorheen boei NV3",Volkerak-Zoommeer,Waterhoogte in Oppervlaktewater t.o.v. Normaal Amsterdams Peil in cm,2026-04-01T00:50:00Z,"c(4.316622, 51.652966)"
locatiesmetlaatstewaarneming.fid-25e367c2_19f8584639c_-5d0f,Waal,"Nijmegen, Waal",nijmegen.waal,voorheen Nijmegen haven,Waal,Waterhoogte in Oppervlaktewater t.o.v. Normaal Amsterdams Peil in cm,2026-07-21T18:20:00Z,"c(5.854, 51.853)"
locatiesmetlaatstewaarneming.fid-25e367c2_19f8584639c_-5cb6,Waal,Zaltbommel,zaltbommel,Zaltbommel,Waal,Waterhoogte in Oppervlaktewater t.o.v. Normaal Amsterdams Peil in cm,2026-07-21T18:20:00Z,"c(5.244645, 51.815154)"
locatiesmetlaatstewaarneming.fid-25e367c2_19f8584639c_-5c92,Waal,"Tiel Sluis, Waal",tiel.sluis.waal,"Tiel Sluis, Waal",Waal,Waterhoogte in Oppervlaktewater t.o.v. Normaal Amsterdams Peil in cm,2026-02-28T05:50:00Z,"c(5.456, 51.899)"
locatiesmetlaatstewaarneming.fid-25e367c2_19f8584639c_-5c49,Waal,Dalem,dalem,voorheen Vuren,Waal,Waterhoogte in Oppervlaktewater t.o.v. Normaal Amsterdams Peil in cm,2026-07-21T18:20:00Z,"c(5.016527, 51.822)"
locatiesmetlaatstewaarneming.fid-25e367c2_19f8584639c_-5bdb,Waal,Zaltbommel,zaltbommel,Zaltbommel,Waal,Waterhoogte in Oppervlaktewater t.o.v. Normaal Amsterdams Peil in cm,2025-11-27T00:50:00Z,"c(5.244645, 51.815154)"
locatiesmetlaatstewaarneming.fid-25e367c2_19f8584639c_-5bb5,Waal,Dalem,dalem,voorheen Vuren,Waal,Waterhoogte in Oppervlaktewater t.o.v. Normaal Amsterdams Peil in cm,2025-11-27T00:50:00Z,"c(5.016527, 51.822)"
locatiesmetlaatstewaarneming.fid-25e367c2_19f8584639c_-5b81,Waal,Dodewaard,dodewaard,Dodewaard,Waal,Waterhoogte in Oppervlaktewater t.o.v. Normaal Amsterdams Peil in cm,2025-11-27T00:50:00Z,"c(5.630518, 51.900512)"
locatiesmetlaatstewaarneming.fid-25e367c2_19f8584639c_-5b4a,Waal,"Nijmegen, Waal",nijmegen.waal,voorheen Nijmegen haven,Waal,Waterhoogte in Oppervlaktewater t.o.v. Normaal Amsterdams Peil in cm,2025-11-27T00:50:00Z,"c(5.854, 51.853)"
locatiesmetlaatstewaarneming.fid-25e367c2_19f8584639c_-5b48,Waal,"Tiel Sluis, Waal",tiel.sluis.waal,"Tiel Sluis, Waal",Waal,Waterhoogte in Oppervlaktewater t.o.v. Normaal Amsterdams Peil in cm,2025-11-27T00:50:00Z,"c(5.456, 51.899)"
locatiesmetlaatstewaarneming.fid-25e367c2_19f8584639c_-5a71,Waal,"Tiel, Waal",tiel.waal,"Tiel, Waal",Waal,Waterhoogte in Oppervlaktewater t.o.v. Normaal Amsterdams Peil in cm,2026-07-21T18:20:00Z,"c(5.440687, 51.882384)"
locatiesmetlaatstewaarneming.fid-25e367c2_19f8584639c_-5a70,Waal,Dodewaard,dodewaard,Dodewaard,Waal,Waterhoogte in Oppervlaktewater t.o.v. Normaal Amsterdams Peil in cm,2026-07-21T18:20:00Z,"c(5.630518, 51.900512)"
locatiesmetlaatstewaarneming.fid-25e367c2_19f8584639c_-5cda,Waddenzee,"Schiermonnikoog, Waddenzee",schiermonnikoog.waddenzee,"Schiermonnikoog, Waddenzee",Waddenzee,Waterhoogte in Oppervlaktewater t.o.v. Normaal Amsterdams Peil in cm,2026-07-21T18:20:00Z,"c(6.202908, 53.468937)"
locatiesmetlaatstewaarneming.fid-25e367c2_19f8584639c_-5cbe,Waddenzee,"Harlingen, Waddenzee",harlingen.waddenzee,"Harlingen, Waddenzee",Waddenzee,Waterhoogte in Oppervlaktewater t.o.v. Normaal Amsterdams Peil in cm,2026-07-21T18:20:00Z,"c(5.409342, 53.175634)"
locatiesmetlaatstewaarneming.fid-25e367c2_19f8584639c_-5caf,Waddenzee,"Terschelling, west",terschelling.west,"Terschelling, west",Waddenzee,Waterhoogte in Oppervlaktewater t.o.v. Normaal Amsterdams Peil in cm,2026-07-21T18:20:00Z,"c(5.220026, 53.363045)"
locatiesmetlaatstewaarneming.fid-25e367c2_19f8584639c_-5cac,Waddenzee,"Ameland, Nes",ameland.nes,"Ameland, Nes",Waddenzee,Waterhoogte in Oppervlaktewater t.o.v. Normaal Amsterdams Peil in cm,2026-07-21T18:20:00Z,"c(5.759448, 53.429766)"
locatiesmetlaatstewaarneming.fid-25e367c2_19f8584639c_-5c9c,Waddenzee,Uithuizerwad,uithuizerwad,"voorheen Uithuizerwad, 1",Waddenzee,Waterhoogte in Oppervlaktewater t.o.v. Normaal Amsterdams Peil in cm,2026-07-21T18:20:00Z,"c(6.749939, 53.466778)"
locatiesmetlaatstewaarneming.fid-25e367c2_19f8584639c_-5c94,Waddenzee,"Den Helder, Marsdiep",denhelder.marsdiep,"Den Helder, Marsdiep",Waddenzee,Waterhoogte in Oppervlaktewater t.o.v. Normaal Amsterdams Peil in cm,2026-07-21T18:20:00Z,"c(4.74499, 52.964359)"
locatiesmetlaatstewaarneming.fid-25e367c2_19f8584639c_-5c33,Waddenzee,"Den Oever, Waddenzee voorhaven",denoever.waddenzee.voorhaven,"Den Oever, Waddenzee voorhaven",Waddenzee,Waterhoogte in Oppervlaktewater t.o.v. Normaal Amsterdams Peil in cm,2026-07-21T18:20:00Z,"c(5.045596, 52.931538)"
locatiesmetlaatstewaarneming.fid-25e367c2_19f8584639c_-5bd1,Waddenzee,"Schiermonnikoog, Waddenzee",schiermonnikoog.waddenzee,"Schiermonnikoog, Waddenzee",Waddenzee,Waterhoogte in Oppervlaktewater t.o.v. Normaal Amsterdams Peil in cm,2025-11-27T00:50:00Z,"c(6.202908, 53.468937)"
locatiesmetlaatstewaarneming.fid-25e367c2_19f8584639c_-5bcd,Waddenzee,"Ameland, Nes",ameland.nes,"Ameland, Nes",Waddenzee,Waterhoogte in Oppervlaktewater t.o.v. Normaal Amsterdams Peil in cm,2025-11-27T00:50:00Z,"c(5.759448, 53.429766)"
locatiesmetlaatstewaarneming.fid-25e367c2_19f8584639c_-5bcc,Waddenzee,"Holwerd, Veersteiger",holwerd.veersteiger,zie kaart HAVKT.ZIP in DONAR,Waddenzee,Waterhoogte in Oppervlaktewater t.o.v. Normaal Amsterdams Peil in cm,2025-01-01T23:50:00Z,"c(5.878059, 53.395656)"
locatiesmetlaatstewaarneming.fid-25e367c2_19f8584639c_-5bcb,Waddenzee,"Harlingen, Waddenzee",harlingen.waddenzee,"Harlingen, Waddenzee",Waddenzee,Waterhoogte in Oppervlaktewater t.o.v. Normaal Amsterdams Peil in cm,2026-01-01T23:50:00Z,"c(5.409342, 53.175634)"
locatiesmetlaatstewaarneming.fid-25e367c2_19f8584639c_-5bc8,Waddenzee,"Terschelling, west",terschelling.west,"Terschelling, west",Waddenzee,Waterhoogte in Oppervlaktewater t.o.v. Normaal Amsterdams Peil in cm,2026-01-01T23:50:00Z,"c(5.220026, 53.363045)"
locatiesmetlaatstewaarneming.fid-25e367c2_19f8584639c_-5bc2,Waddenzee,Kornwerderzand Waddenzee buitenhaven,kornwerderzand.waddenzee.buitenhaven,Kornwerderzand Waddenzee buitenhaven,Waddenzee,Waterhoogte in Oppervlaktewater t.o.v. Normaal Amsterdams Peil in cm,2025-11-27T00:50:00Z,"c(5.334757, 53.07459)"
locatiesmetlaatstewaarneming.fid-25e367c2_19f8584639c_-5bbc,Waddenzee,"Den Oever, Waddenzee voorhaven",denoever.waddenzee.voorhaven,"Den Oever, Waddenzee voorhaven",Waddenzee,Waterhoogte in Oppervlaktewater t.o.v. Normaal Amsterdams Peil in cm,2025-11-27T00:50:00Z,"c(5.045596, 52.931538)"
locatiesmetlaatstewaarneming.fid-25e367c2_19f8584639c_-5bb4,Waddenzee,"Den Helder, Marsdiep",denhelder.marsdiep,"Den Helder, Marsdiep",Waddenzee,Waterhoogte in Oppervlaktewater t.o.v. Normaal Amsterdams Peil in cm,2026-01-01T23:50:00Z,"c(4.74499, 52.964359)"
locatiesmetlaatstewaarneming.fid-25e367c2_19f8584639c_-5b82,Waddenzee,Uithuizerwad,uithuizerwad,"voorheen Uithuizerwad, 1",Waddenzee,Waterhoogte in Oppervlaktewater t.o.v. Normaal Amsterdams Peil in cm,2025-11-27T00:50:00Z,"c(6.749939, 53.466778)"
locatiesmetlaatstewaarneming.fid-25e367c2_19f8584639c_-5b78,Waddenzee,"Den Helder, Marsdiep",denhelder.marsdiep,"Den Helder, Marsdiep",Waddenzee,Waterhoogte in Oppervlaktewater t.o.v. Normaal Amsterdams Peil in cm,2025-01-01T01:44:00Z,"c(4.74499, 52.964359)"
locatiesmetlaatstewaarneming.fid-25e367c2_19f8584639c_-5b66,Waddenzee,"Holwerd, Veersteiger",holwerd.veersteiger,zie kaart HAVKT.ZIP in DONAR,Waddenzee,Waterhoogte in Oppervlaktewater t.o.v. Normaal Amsterdams Peil in cm,2025-01-01T18:09:00Z,"c(5.878059, 53.395656)"
locatiesmetlaatstewaarneming.fid-25e367c2_19f8584639c_-5ae8,Waddenzee,"Den Helder, veersteiger",denhelder.veersteiger,"Den Helder, veersteiger",Waddenzee,Waterhoogte in Oppervlaktewater t.o.v. Normaal Amsterdams Peil in cm,2025-11-27T00:50:00Z,"c(4.778047, 52.963274)"
locatiesmetlaatstewaarneming.fid-25e367c2_19f8584639c_-5ab3,Waddenzee,"Holwerd, Veersteiger",holwerd.veersteiger,zie kaart HAVKT.ZIP in DONAR,Waddenzee,Waterhoogte in Oppervlaktewater t.o.v. Normaal Amsterdams Peil in cm,2025-11-27T00:50:00Z,"c(5.878059, 53.395656)"
locatiesmetlaatstewaarneming.fid-25e367c2_19f8584639c_-5aa0,Waddenzee,"Den Oever, Waddenzee voorhaven",denoever.waddenzee.voorhaven,"Den Oever, Waddenzee voorhaven",Waddenzee,Waterhoogte in Oppervlaktewater t.o.v. Normaal Amsterdams Peil in cm,2025-10-01T08:55:00Z,"c(5.045596, 52.931538)"
locatiesmetlaatstewaarneming.fid-25e367c2_19f8584639c_-5a96,Waddenzee,"Ameland, Nes",ameland.nes,"Ameland, Nes",Waddenzee,Waterhoogte in Oppervlaktewater t.o.v. Normaal Amsterdams Peil in cm,2025-10-01T10:25:00Z,"c(5.759448, 53.429766)"
locatiesmetlaatstewaarneming.fid-25e367c2_19f8584639c_-5a90,Waddenzee,"Den Helder, Marsdiep",denhelder.marsdiep,"Den Helder, Marsdiep",Waddenzee,Waterhoogte in Oppervlaktewater t.o.v. Normaal Amsterdams Peil in cm,2025-10-01T12:10:00Z,"c(4.74499, 52.964359)"
locatiesmetlaatstewaarneming.fid-25e367c2_19f8584639c_-5a8f,Waddenzee,"Terschelling, west",terschelling.west,"Terschelling, west",Waddenzee,Waterhoogte in Oppervlaktewater t.o.v. Normaal Amsterdams Peil in cm,2025-10-01T09:30:00Z,"c(5.220026, 53.363045)"
locatiesmetlaatstewaarneming.fid-25e367c2_19f8584639c_-5a8d,Waddenzee,"Harlingen, Waddenzee",harlingen.waddenzee,"Harlingen, Waddenzee",Waddenzee,Waterhoogte in Oppervlaktewater t.o.v. Normaal Amsterdams Peil in cm,2025-10-01T10:30:00Z,"c(5.409342, 53.175634)"
locatiesmetlaatstewaarneming.fid-25e367c2_19f8584639c_-5a88,Waddenzee,Kornwerderzand Waddenzee buitenhaven,kornwerderzand.waddenzee.buitenhaven,Kornwerderzand Waddenzee buitenhaven,Waddenzee,Waterhoogte in Oppervlaktewater t.o.v. Normaal Amsterdams Peil in cm,2025-10-01T10:00:00Z,"c(5.334757, 53.07459)"
locatiesmetlaatstewaarneming.fid-25e367c2_19f8584639c_-5a80,Waddenzee,Kornwerderzand Waddenzee buitenhaven,kornwerderzand.waddenzee.buitenhaven,Kornwerderzand Waddenzee buitenhaven,Waddenzee,Waterhoogte in Oppervlaktewater t.o.v. Normaal Amsterdams Peil in cm,2026-07-21T18:10:00Z,"c(5.334757, 53.07459)"
locatiesmetlaatstewaarneming.fid-25e367c2_19f8584639c_-5a72,Waddenzee,"Den Helder, veersteiger",denhelder.veersteiger,"Den Helder, veersteiger",Waddenzee,Waterhoogte in Oppervlaktewater t.o.v. Normaal Amsterdams Peil in cm,2026-07-21T18:10:00Z,"c(4.778047, 52.963274)"
locatiesmetlaatstewaarneming.fid-25e367c2_19f8584639c_-5a6f,Waddenzee,Holwerd vaargeul,holwerd.vaargeul,Holwerd vaargeul,Waddenzee,Waterhoogte in Oppervlaktewater t.o.v. Normaal Amsterdams Peil in cm,2026-07-21T18:20:00Z,"c(5.8823891, 53.39828062)"
locatiesmetlaatstewaarneming.fid-25e367c2_19f8584639c_-5a69,Waddenzee,Dantziggat Piet Scheveplaat zuid,dantziggat.pietscheveplaat.zuid,Dantziggat Piet Scheveplaat zuid,Waddenzee,Waterhoogte in Oppervlaktewater t.o.v. Normaal Amsterdams Peil in cm,2026-07-21T18:20:00Z,"c(5.79487, 53.37974)"
locatiesmetlaatstewaarneming.fid-25e367c2_19f8584639c_-5c8b,Zwarte Water,Genemuiden,genemuiden,de ketting,Zwarte Water,Waterhoogte in Oppervlaktewater t.o.v. Normaal Amsterdams Peil in cm,2026-07-21T18:20:00Z,"c(6.033154, 52.633395)"
locatiesmetlaatstewaarneming.fid-25e367c2_19f8584639c_-5c65,Zwarte Water,"Hasselt, Zwarte Water",hasselt.zwartewater,voorheen Mond der Vecht,Zwarte Water,Waterhoogte in Oppervlaktewater t.o.v. Normaal Amsterdams Peil in cm,2026-07-21T18:20:00Z,"c(6.101306, 52.564026)"
locatiesmetlaatstewaarneming.fid-25e367c2_19f8584639c_-5c62,Zwarte Water,"Zwartsluis, Zwarte Water",zwartsluis.zwartewater,buiten,Zwarte Water,Waterhoogte in Oppervlaktewater t.o.v. Normaal Amsterdams Peil in cm,2026-07-21T18:20:00Z,"c(6.076, 52.6357)"
locatiesmetlaatstewaarneming.fid-25e367c2_19f8584639c_-5b45,Zwarte Water,Genemuiden,genemuiden,de ketting,Zwarte Water,Waterhoogte in Oppervlaktewater t.o.v. Normaal Amsterdams Peil in cm,2025-11-27T00:50:00Z,"c(6.033154, 52.633395)"
locatiesmetlaatstewaarneming.fid-25e367c2_19f8584639c_-5af6,Zwarte Water,"Hasselt, Zwarte Water",hasselt.zwartewater,voorheen Mond der Vecht,Zwarte Water,Waterhoogte in Oppervlaktewater t.o.v. Normaal Amsterdams Peil in cm,2025-11-27T00:50:00Z,"c(6.101306, 52.564026)"
locatiesmetlaatstewaarneming.fid-25e367c2_19f8584639c_-5aea,Zwarte Water,"Zwartsluis, Zwarte Water",zwartsluis.zwartewater,buiten,Zwarte Water,Waterhoogte in Oppervlaktewater t.o.v. Normaal Amsterdams Peil in cm,2025-11-27T00:50:00Z,"c(6.076, 52.6357)"
locatiesmetlaatstewaarneming.fid-25e367c2_19f8584639c_-5ca1,Zwolle-IJsselkanaal,"Zwolle, Zwarte Water, kanaal",zwolle.zwartewater.kanaal,voorheen Spooldersluis binnen,Zwolle-IJsselkanaal,Waterhoogte in Oppervlaktewater t.o.v. Normaal Amsterdams Peil in cm,2026-07-21T18:20:00Z,"c(6.054957, 52.509831)"
locatiesmetlaatstewaarneming.fid-25e367c2_19f8584639c_-5c2b,Zwolle-IJsselkanaal,"Zwolle, IJssel",zwolle.ijssel,voorheen Katerveer,Zwolle-IJsselkanaal,Waterhoogte in Oppervlaktewater t.o.v. Normaal Amsterdams Peil in cm,2026-07-21T18:20:00Z,"c(6.053, 52.5086)"
locatiesmetlaatstewaarneming.fid-25e367c2_19f8584639c_-5af9,Zwolle-IJsselkanaal,"Zwolle, IJssel",zwolle.ijssel,voorheen Katerveer,Zwolle-IJsselkanaal,Waterhoogte in Oppervlaktewater t.o.v. Normaal Amsterdams Peil in cm,2025-11-27T00:40:00Z,"c(6.053, 52.5086)"
locatiesmetlaatstewaarneming.fid-25e367c2_19f8584639c_-5af7,Zwolle-IJsselkanaal,"Zwolle, Zwarte Water, kanaal",zwolle.zwartewater.kanaal,voorheen Spooldersluis binnen,Zwolle-IJsselkanaal,Waterhoogte in Oppervlaktewater t.o.v. Normaal Amsterdams Peil in cm,2025-11-27T00:50:00Z,"c(6.054957, 52.509831)"
locatiesmetlaatstewaarneming.fid-25e367c2_19f8584639c_-5cd0,Randmeren,Eemdijk,eemdijk,Eemdijk,Randmeren,Waterhoogte in Oppervlaktewater t.o.v. Normaal Amsterdams Peil in cm,2026-07-21T17:10:00Z,"c(5.32236, 52.261221)"
locatiesmetlaatstewaarneming.fid-25e367c2_19f8584639c_-5925,Randmeren,Eemdijk,eemdijk,Eemdijk,Randmeren,Waterhoogte in Oppervlaktewater t.o.v. plaatselijk referentievlak in cm,2025-11-26T23:30:00Z,"c(5.32236, 52.261221)"
